monto_pesos,hora_dia,distancia_residencia_km,ingreso_mensual_pesos,fraude
56876.0,16,7.84,1810136.0,0
123969.0,17,3.45,3196107.0,0
27448.0,19,8.67,986729.0,0
161395.0,12,3.75,6033298.0,0
56760.0,6,16.46,3977612.0,0
69155.0,22,16.33,2384509.0,0
146826.0,10,12.81,2358551.0,0
408198.0,17,7.82,3309274.0,0
40597.0,20,4.5,2416708.0,0
68876.0,14,5.36,2472846.0,0
90873.0,13,5.25,4160589.0,0
52313.0,9,3.31,3716221.0,0
183735.0,7,9.34,2702964.0,0
6441.0,8,6.41,2671412.0,0
54376.0,16,10.98,3059108.0,0
62581.0,9,14.6,1997526.0,0
79523.0,13,6.7,2242423.0,0
42965.0,13,14.5,3785441.0,0
39331.0,20,4.88,2606097.0,0
32309.0,14,2.03,1314801.0,0
66349.0,15,7.07,2153547.0,0
152490.0,18,4.19,4017908.0,0
44908.0,10,11.42,2464192.0,0
260385.0,16,3.61,2580070.0,0
390420.0,7,6.15,3985368.0,0
410139.0,7,4.28,7638147.0,0
10291.0,21,4.1,1891491.0,0
180856.0,11,5.27,5877510.0,0
50836.0,13,12.95,1423491.0,0
183857.0,8,7.54,3082858.0,0
12207.0,10,3.49,1471641.0,0
569854.0,19,15.81,5888030.0,0
95927.0,20,4.35,4429457.0,0
112947.0,15,7.08,5234983.0,0
103219.0,9,7.21,1720433.0,0
98541.0,21,3.98,4080113.0,0
83483.0,17,0.71,2104677.0,0
69798.0,7,9.96,2177239.0,0
98017.0,16,2.07,3699563.0,0
111808.0,12,25.59,4534952.0,0
71718.0,5,6.7,3133186.0,0
17956.0,10,23.47,1982238.0,0
19434.0,14,2.96,1777878.0,0
294869.0,14,17.69,6196557.0,0
40783.0,21,8.73,3881764.0,0
105362.0,13,3.81,4159812.0,0
576835.0,11,5.87,9304870.0,0
16992.0,19,2.19,1787637.0,0
80274.0,13,3.1,11442348.0,0
271893.0,14,6.82,15000000.0,0
208900.0,9,17.15,6819230.0,0
108260.0,17,13.98,4412882.0,0
29665.0,17,9.06,1943552.0,0
30144.0,14,21.04,4838412.0,0
89488.0,11,5.91,2194905.0,0
85299.0,14,5.95,2766856.0,0
35981.0,18,3.91,2386627.0,0
42339.0,16,9.51,3273062.0,0
1452268.0,19,13.33,5686314.0,0
72820.0,12,0.92,2062767.0,0
45627.0,15,1.48,1628480.0,0
24371.0,14,11.34,1612835.0,0
423473.0,15,5.97,1643892.0,0
42244.0,13,1.37,1274448.0,0
15934.0,14,16.12,1694700.0,0
284722.0,12,8.28,5702562.0,0
21502.0,13,8.05,2020405.0,0
64201.0,10,12.54,3225309.0,0
113994.0,19,6.79,1433799.0,0
140431.0,11,6.17,3073839.0,0
18832.0,19,9.12,1074859.0,0
168372.0,18,5.09,1906566.0,0
435581.0,16,7.0,9675683.0,0
22959.0,15,3.38,2031930.0,0
41600.0,18,9.39,5184153.0,0
187255.0,17,13.31,3596277.0,0
199271.0,14,10.59,2574042.0,0
86766.0,5,5.95,1956116.0,0
88014.0,12,5.76,5682661.0,0
27086.0,11,10.06,2539732.0,0
46892.0,22,6.9,6486369.0,0
59314.0,11,7.13,1885374.0,0
77496.0,15,9.8,2889709.0,0
45097.0,10,9.25,3616996.0,0
72541.0,21,5.21,3437889.0,0
58477.0,22,18.94,1420528.0,0
42380.0,14,2.01,1943295.0,0
48754.0,23,4.79,2513887.0,0
65687.0,12,11.41,1750821.0,0
15235.0,4,6.79,4063921.0,0
117699.0,20,5.7,3869131.0,0
21822.0,10,6.7,954300.0,0
53268.0,14,1.97,1037413.0,0
19458.0,20,4.48,1383698.0,0
43110.0,9,3.47,2986530.0,0
49893.0,13,9.4,8566543.0,0
59536.0,14,8.54,2268964.0,0
46239.0,14,7.47,3213875.0,0
30778.0,15,7.89,1560347.0,0
358459.0,12,4.15,1574377.0,0
41925.0,12,11.9,954225.0,0
44192.0,16,9.58,2756688.0,0
63817.0,21,13.77,4714244.0,0
93536.0,20,4.02,2301190.0,0
591475.0,11,7.55,6035560.0,0
301146.0,10,2.78,3121893.0,0
15587.0,13,11.62,2744483.0,1
49848.0,18,3.7,3721434.0,0
37936.0,17,6.01,3660783.0,1
65107.0,8,1.61,5264114.0,0
31487.0,21,19.74,1801365.0,0
81948.0,12,1.66,900000.0,0
148946.0,10,2.68,2982405.0,0
100155.0,14,8.35,2000102.0,0
40035.0,12,17.18,2758458.0,0
443106.0,17,13.25,6993523.0,0
20769.0,17,3.74,1526620.0,0
113740.0,19,5.04,4264214.0,0
41481.0,18,10.99,4710747.0,0
55437.0,23,1.28,3607534.0,0
108700.0,9,17.13,5179968.0,0
24413.0,14,7.97,2176069.0,0
99180.0,12,9.48,1924737.0,0
42890.0,18,21.21,4958285.0,0
182750.0,16,7.39,4161121.0,0
204687.0,13,6.24,6015427.0,0
262515.0,16,0.31,3146777.0,0
67059.0,13,11.93,6838573.0,0
9171.0,20,4.46,2397617.0,0
54114.0,12,1.1,1562736.0,0
5000.0,11,7.22,913219.0,0
42682.0,13,9.84,1527830.0,0
432844.0,12,32.28,4392051.0,0
23420.0,13,2.2,1250957.0,0
185557.0,16,18.4,2183260.0,0
767765.0,12,4.6,8919506.0,0
78366.0,13,16.62,4460930.0,0
134818.0,7,11.69,7498184.0,0
34266.0,17,1.79,1622974.0,0
90386.0,21,6.07,900000.0,0
87242.0,16,8.98,6447090.0,0
33730.0,19,3.12,1284412.0,0
88301.0,11,18.51,2943582.0,0
219492.0,20,4.55,3155102.0,0
42761.0,7,6.42,1661509.0,0
105354.0,22,2.71,6576927.0,0
121287.0,19,7.91,6565017.0,0
83099.0,23,4.88,3792076.0,0
107250.0,11,6.06,2754951.0,0
40641.0,5,9.95,3110893.0,0
5910.0,17,12.43,1532453.0,0
55161.0,8,9.41,2455019.0,0
34722.0,17,6.87,2642978.0,0
44494.0,11,6.3,1752234.0,0
88013.0,8,2.52,4466868.0,0
52935.0,11,7.22,1277691.0,0
53585.0,7,4.38,2181994.0,0
6866.0,13,4.45,900000.0,0
96194.0,10,12.84,3679841.0,0
117371.0,10,22.65,4212484.0,0
74418.0,0,3.5,3940589.0,1
43299.0,17,2.14,13937277.0,0
48647.0,17,5.81,4695030.0,0
26497.0,14,7.92,1667832.0,0
1601917.0,14,6.39,12116480.0,1
16053.0,17,19.55,1687831.0,0
104436.0,21,5.42,4320735.0,0
41472.0,18,2.91,4213694.0,0
20708.0,14,1.1,1725940.0,0
72057.0,21,5.66,6031895.0,0
24354.0,15,8.96,3402961.0,0
346765.0,11,2.11,3832987.0,0
208316.0,16,9.7,1930861.0,0
298829.0,16,6.7,5732019.0,0
32493.0,21,2.53,1743864.0,0
73580.0,13,4.08,1052409.0,0
155285.0,13,7.83,6131499.0,0
61559.0,2,6.9,2214261.0,0
40803.0,14,5.63,2867593.0,0
422266.0,10,5.0,8061791.0,0
211631.0,17,12.36,5231456.0,0
54928.0,20,8.33,3965411.0,0
353829.0,19,7.89,5043357.0,0
20113.0,7,6.52,1876653.0,0
128071.0,15,3.63,4236842.0,0
167080.0,15,3.24,5155607.0,0
678943.0,10,8.08,4242283.0,0
21784.0,13,5.75,2502638.0,0
16653.0,14,18.48,900000.0,0
59811.0,10,27.71,3804314.0,0
76726.0,12,3.25,2982618.0,0
33357.0,18,12.41,2284998.0,0
113654.0,9,28.59,4295524.0,0
20567.0,23,12.59,3240592.0,0
103596.0,15,3.23,3132386.0,0
19286.0,23,10.81,1238182.0,0
5000.0,14,19.48,1254820.0,0
30770.0,17,13.97,3432930.0,0
169232.0,18,10.17,2919612.0,0
175598.0,10,2.98,3022024.0,0
846703.0,20,4.62,3068117.0,0
41029.0,8,3.03,3511069.0,0
18432.0,17,5.42,2856096.0,0
203963.0,13,13.29,3053820.0,0
40206.0,21,4.2,3223547.0,0
219896.0,13,10.39,4668299.0,1
135075.0,17,13.26,2109689.0,0
23212.0,11,2.13,4315173.0,0
479668.0,11,10.47,3973432.0,0
65440.0,16,9.21,2967116.0,0
124998.0,9,3.18,2156115.0,0
751853.0,10,9.22,3430295.0,0
875913.0,14,15.41,4503273.0,0
18402.0,17,2.32,1550197.0,0
144710.0,15,0.66,2897359.0,0
55994.0,9,1.31,2901502.0,0
24352.0,20,33.03,1946355.0,0
71787.0,12,1.15,1991745.0,1
44457.0,8,5.89,1193021.0,0
87300.0,17,15.45,1526381.0,0
252624.0,17,6.41,1202025.0,0
19974.0,6,6.07,1994722.0,0
80105.0,18,6.14,2057778.0,0
30610.0,12,5.91,2079053.0,0
37014.0,11,4.5,3435399.0,0
222298.0,15,4.43,2525547.0,0
45885.0,13,4.63,1875204.0,0
95558.0,16,10.47,1882468.0,0
88116.0,21,12.29,1502738.0,0
155027.0,9,7.15,2513628.0,0
47897.0,10,2.29,2489021.0,0
119506.0,17,6.18,6836298.0,0
172337.0,16,16.85,6510412.0,0
483773.0,8,3.76,6312082.0,0
436065.0,11,10.17,8786379.0,0
8911.0,14,9.7,1433662.0,0
42214.0,20,4.58,4054230.0,0
86208.0,17,1.15,4255442.0,0
32708.0,22,2.67,3638379.0,0
631849.0,13,7.23,9018595.0,0
880376.0,18,10.02,11307326.0,0
66414.0,20,5.33,4798345.0,0
101492.0,12,5.52,4010235.0,0
23900.0,20,5.04,1510288.0,0
16869.0,11,1.46,1511983.0,0
72477.0,12,1.74,4115425.0,0
42814.0,10,4.56,2685915.0,0
40921.0,7,3.07,1346907.0,0
154531.0,14,2.27,2615371.0,0
113104.0,18,1.53,3413109.0,0
34862.0,18,9.37,4685062.0,0
97418.0,19,1.78,2638989.0,0
81590.0,7,6.86,2414639.0,0
109183.0,18,12.69,2809576.0,0
116683.0,16,7.52,3079479.0,0
47680.0,19,18.31,1476827.0,0
19795.0,8,23.69,4427960.0,0
218772.0,12,3.88,9339931.0,0
38744.0,10,9.08,4381669.0,0
18099.0,7,10.75,1262521.0,0
91033.0,15,5.95,2949392.0,0
117449.0,15,5.33,1060270.0,0
121710.0,18,18.96,1023832.0,0
41965.0,22,9.93,4023723.0,0
43920.0,10,4.68,2922170.0,0
74021.0,8,12.04,1918817.0,0
48938.0,13,8.04,900000.0,0
75609.0,22,11.65,1393344.0,0
117161.0,21,3.92,3061262.0,0
313971.0,10,6.38,2849550.0,0
211625.0,10,0.83,4091675.0,0
361555.0,13,4.55,6472009.0,0
29393.0,18,26.09,2323392.0,0
37328.0,18,6.7,3623902.0,0
87378.0,10,3.38,2595633.0,0
60615.0,12,7.85,2130854.0,0
41227.0,10,29.82,2447298.0,0
75166.0,22,2.87,4749473.0,0
92520.0,0,3.16,1590405.0,0
354221.0,11,0.5,5244555.0,0
206726.0,21,5.75,6309948.0,0
36305.0,15,13.44,2855573.0,0
36935.0,8,6.65,3221427.0,0
10964.0,5,3.17,1288050.0,0
300896.0,20,4.94,10256518.0,0
193687.0,15,5.43,4797076.0,0
164670.0,21,15.51,3078280.0,0
78640.0,19,12.84,2889866.0,0
160943.0,8,6.34,3588212.0,0
20978.0,11,19.74,1957053.0,1
143165.0,15,12.02,3272039.0,0
56460.0,10,1.9,1684809.0,0
51317.0,11,3.73,3680855.0,0
65835.0,21,3.16,1928229.0,0
48683.0,16,18.12,4582087.0,0
407671.0,20,11.22,2620634.0,0
173552.0,11,5.16,3246020.0,0
478346.0,19,2.54,14269264.0,0
71696.0,11,5.49,4357714.0,0
373806.0,15,3.09,3244333.0,0
92966.0,16,16.63,2869200.0,0
102902.0,9,14.29,1581036.0,0
102096.0,14,2.53,5083200.0,0
469571.0,21,7.48,6759210.0,0
37521.0,17,16.52,2900882.0,0
381914.0,10,1.98,7041581.0,0
110239.0,8,4.41,2632323.0,0
20553.0,1,6.87,1055949.0,0
69583.0,19,4.9,1954899.0,0
73299.0,8,1.31,1565607.0,0
26517.0,7,7.09,2407581.0,0
76052.0,10,12.76,3952937.0,0
47555.0,1,12.61,1679815.0,0
66692.0,10,17.35,2679110.0,0
28289.0,5,10.82,3124465.0,0
25505.0,11,7.29,1870964.0,0
13505.0,17,6.25,1698073.0,0
75138.0,17,10.68,2937533.0,0
106535.0,15,3.89,4524118.0,0
52237.0,9,1.34,2009416.0,0
34162.0,21,1.54,1852163.0,0
40452.0,14,7.67,2590705.0,0
11334.0,7,9.56,3284095.0,0
208099.0,15,4.6,2077074.0,0
25255.0,22,6.6,2329930.0,0
26879.0,20,3.68,2465567.0,0
14582.0,11,1.65,1541004.0,0
45475.0,8,8.55,2539517.0,0
28723.0,20,11.6,2057709.0,0
261596.0,13,26.14,6689128.0,0
119354.0,19,7.29,2106635.0,0
76392.0,17,5.0,3600348.0,0
94439.0,16,8.98,3449933.0,0
35028.0,20,13.49,1513919.0,0
37694.0,20,8.94,1408742.0,0
94776.0,23,9.41,2191535.0,0
125065.0,10,2.53,4031083.0,0
53708.0,18,4.5,2042833.0,0
54560.0,5,1.81,1951766.0,0
47702.0,20,2.0,900000.0,0
120235.0,15,9.46,2250963.0,0
395342.0,15,1.22,3325044.0,0
63535.0,7,4.83,3575830.0,0
44180.0,11,13.14,3545486.0,0
146958.0,8,8.91,2338021.0,0
29216.0,20,15.85,2471147.0,0
145990.0,15,4.14,4425447.0,0
57659.0,7,5.72,2598615.0,0
30545.0,12,5.42,900000.0,0
273116.0,7,15.3,4906813.0,0
39881.0,16,7.42,1547894.0,0
66702.0,16,1.0,5965711.0,0
111686.0,4,2.19,7109275.0,0
206773.0,12,1.28,4258688.0,0
116060.0,7,10.39,4603805.0,0
162345.0,15,3.98,7778851.0,0
33913.0,12,1.37,1527223.0,0
43134.0,9,12.72,3219538.0,0
26674.0,8,15.65,3193463.0,0
55567.0,17,12.19,1644949.0,0
485745.0,23,8.16,8466492.0,0
65023.0,9,13.41,2034476.0,0
51559.0,19,7.6,1872799.0,0
108364.0,13,2.1,3244179.0,0
630606.0,15,0.49,4936883.0,0
14545.0,18,11.58,2011828.0,0
155265.0,8,7.68,2013466.0,0
210171.0,7,6.08,3694626.0,0
44762.0,10,12.9,1278300.0,0
22488.0,18,1.9,1830698.0,0
44612.0,9,13.9,1765776.0,0
164079.0,17,14.63,2205018.0,0
92891.0,15,4.92,2589262.0,0
248067.0,14,15.03,7720924.0,0
72058.0,7,1.8,4612029.0,0
73401.0,16,3.41,2834707.0,0
84012.0,14,2.48,2474488.0,0
275929.0,17,3.58,4529052.0,0
273203.0,11,3.38,3543941.0,0
61911.0,15,4.8,4571239.0,0
100704.0,2,6.81,5984398.0,0
14006.0,13,5.09,1608204.0,0
31656.0,11,6.41,900000.0,0
32832.0,21,11.57,2766625.0,0
35600.0,17,6.45,2925084.0,0
403435.0,23,4.75,3278375.0,0
207069.0,12,6.39,2014289.0,0
63385.0,10,15.94,2463734.0,0
43103.0,15,7.61,3807316.0,0
83780.0,15,20.93,3921705.0,0
120110.0,10,6.55,5822081.0,0
19083.0,14,4.62,900000.0,0
5000.0,7,0.79,1130723.0,0
126757.0,20,10.93,6256914.0,0
124873.0,7,0.81,3912312.0,0
136307.0,21,5.36,4331910.0,0
18506.0,14,0.66,2393988.0,0
35193.0,16,13.96,2157249.0,0
116752.0,14,13.13,3125241.0,0
18347.0,8,6.2,1669854.0,0
26032.0,16,10.13,1206870.0,0
41924.0,15,4.31,1520145.0,0
21979.0,9,1.99,2985326.0,0
209849.0,17,1.26,3975198.0,0
28164.0,22,5.56,6943542.0,0
136965.0,12,5.04,3435358.0,0
15722.0,18,6.42,3630984.0,0
155710.0,9,2.5,7085829.0,0
71791.0,11,2.05,1826605.0,0
31794.0,20,13.33,1652037.0,0
43538.0,11,7.21,2082891.0,0
41547.0,14,9.61,2655668.0,0
56492.0,7,5.57,8519853.0,0
29492.0,19,5.88,2311178.0,0
105724.0,14,5.86,5746160.0,0
172384.0,8,9.58,2159023.0,0
148298.0,15,5.89,3668924.0,0
102175.0,21,11.99,4072853.0,0
104256.0,9,3.07,3753705.0,0
129410.0,10,1.51,4232086.0,0
152149.0,7,4.41,1916782.0,0
131250.0,10,12.85,6237007.0,0
272769.0,16,7.77,4802637.0,1
54982.0,17,1.22,1903294.0,0
21772.0,9,9.25,3697989.0,0
12949.0,20,5.41,1551746.0,0
42141.0,13,1.56,2950028.0,0
73141.0,21,9.88,1470382.0,0
19142.0,21,3.03,4156698.0,0
99822.0,11,9.31,14296625.0,0
221077.0,14,6.07,6287612.0,0
329924.0,8,3.49,4185173.0,0
19578.0,21,3.89,1704105.0,1
168941.0,19,1.19,3451336.0,0
24984.0,9,6.87,5371597.0,0
97630.0,19,5.42,2667145.0,0
89299.0,11,5.2,3006338.0,0
23459.0,16,5.14,1102666.0,0
30647.0,15,6.25,1749164.0,0
22233.0,9,3.26,1013111.0,0
292219.0,14,1.18,8025126.0,0
61830.0,18,6.57,3631214.0,0
114136.0,21,10.63,4171182.0,0
69811.0,18,11.67,2504615.0,0
42840.0,20,10.71,1253894.0,0
34924.0,9,6.68,3084543.0,0
122510.0,12,6.63,1972991.0,0
133941.0,17,2.51,1642493.0,0
92762.0,18,2.28,2886646.0,0
163718.0,12,11.34,2974332.0,0
102381.0,12,8.99,2535393.0,0
151914.0,8,2.07,1829004.0,0
27629.0,16,9.14,1628065.0,0
87236.0,8,6.27,2809751.0,0
82578.0,14,3.29,5484831.0,0
102339.0,16,8.79,1158642.0,0
138618.0,13,3.74,1950663.0,0
170060.0,12,8.07,2560807.0,0
255992.0,9,7.06,2565911.0,0
25936.0,18,1.72,2021014.0,0
74443.0,16,4.82,8087325.0,0
69967.0,12,8.38,3488629.0,0
108361.0,13,13.15,1628499.0,0
82452.0,15,6.55,994463.0,0
42503.0,9,11.67,2547053.0,0
136451.0,7,2.51,6317523.0,0
82705.0,8,9.13,3113169.0,0
18510.0,18,4.09,900000.0,0
5000.0,18,12.51,1312982.0,0
97817.0,12,14.06,2995837.0,0
109040.0,7,20.92,5036972.0,0
79868.0,18,17.11,3025905.0,0
224697.0,16,4.74,3039615.0,0
85251.0,15,0.57,5051915.0,0
126316.0,16,8.72,5587650.0,0
12541.0,16,7.8,1930015.0,0
96004.0,7,18.52,3562792.0,0
14121.0,11,5.32,1653772.0,0
116785.0,12,6.58,1548840.0,0
63679.0,20,6.3,3869815.0,0
54269.0,9,12.19,1279830.0,0
154087.0,15,8.82,3074200.0,0
51559.0,0,6.34,3328191.0,0
80794.0,11,10.29,4496627.0,0
50442.0,12,15.23,1487182.0,0
34791.0,13,3.17,3452395.0,0
117063.0,22,1.35,2613353.0,0
114785.0,2,6.15,6340468.0,0
36723.0,15,4.03,1860985.0,0
362331.0,20,0.97,1520605.0,0
118210.0,16,9.69,3686734.0,0
91933.0,11,12.36,1748788.0,0
10612.0,16,9.08,1374041.0,0
102471.0,16,3.55,4618911.0,0
182714.0,11,13.34,3547815.0,0
25946.0,10,0.95,900000.0,0
69359.0,15,2.17,1687212.0,0
40629.0,16,15.31,1522265.0,0
377303.0,11,9.02,3990875.0,0
64705.0,19,11.58,6293573.0,0
280920.0,14,12.32,8684873.0,0
153283.0,12,8.61,4128808.0,0
61182.0,15,2.11,1532366.0,0
75539.0,13,4.42,1502935.0,0
68643.0,10,4.64,1658005.0,0
121080.0,19,3.66,3664869.0,0
58101.0,9,9.39,5615896.0,0
33009.0,15,6.81,975167.0,0
26797.0,21,13.29,3914565.0,0
91538.0,6,3.89,4664311.0,0
96616.0,10,9.69,3331433.0,0
48290.0,21,13.03,15000000.0,0
322336.0,8,0.84,3758449.0,0
22373.0,13,7.09,2850487.0,0
47978.0,21,19.31,3917314.0,0
74843.0,8,0.18,2075749.0,0
58856.0,7,2.65,1529627.0,0
147209.0,10,6.06,3531839.0,0
107519.0,8,3.42,5280990.0,0
21491.0,0,7.04,2460597.0,0
136333.0,13,7.38,4658835.0,0
38842.0,13,11.19,2277194.0,0
85538.0,22,6.63,6868080.0,0
94413.0,20,16.34,3151107.0,0
137522.0,0,6.73,3756516.0,0
246797.0,12,2.78,4267425.0,0
10067.0,9,3.12,1331061.0,0
68496.0,11,3.84,2533114.0,0
175503.0,11,17.31,7705308.0,0
116869.0,13,2.86,2856766.0,0
120495.0,8,4.21,6056022.0,0
14173.0,21,7.8,4553378.0,0
9514.0,14,5.54,1024668.0,0
65632.0,9,11.12,4131635.0,0
20881.0,12,3.14,1538889.0,0
46558.0,18,6.41,3232631.0,0
58509.0,12,5.16,2227854.0,0
82034.0,13,4.3,2833714.0,0
61622.0,18,1.99,2692948.0,0
92523.0,8,13.06,3199795.0,0
54956.0,21,4.04,2188130.0,0
28891.0,21,3.0,1331870.0,0
10897.0,10,4.59,1606639.0,0
191163.0,10,0.99,4634607.0,0
213519.0,15,2.69,7228930.0,0
37937.0,20,11.17,3182076.0,0
83053.0,9,3.5,4449906.0,0
85199.0,12,15.1,4791718.0,0
21261.0,22,2.7,1321036.0,0
26756.0,21,1.22,999661.0,0
162765.0,16,15.92,2722167.0,0
28073.0,12,1.89,988910.0,0
10376.0,10,1.17,2410303.0,0
17608.0,21,3.69,1241843.0,0
60155.0,13,13.59,1986550.0,0
49684.0,19,9.59,1852371.0,0
55847.0,18,4.8,3727054.0,0
41083.0,12,10.01,1961355.0,0
27585.0,8,1.62,1489373.0,0
21702.0,12,0.86,2876178.0,0
150715.0,17,3.53,14318761.0,0
36825.0,22,4.39,3671667.0,0
28369.0,12,6.26,960703.0,0
138418.0,19,4.23,2944215.0,0
463698.0,10,7.94,11515833.0,0
85304.0,20,6.7,3072979.0,0
963332.0,10,5.75,5663181.0,0
106003.0,12,5.67,5156109.0,0
43371.0,16,10.51,5382891.0,0
24957.0,19,5.12,4990602.0,0
336430.0,9,4.49,3270938.0,0
58749.0,13,6.73,2530066.0,0
51399.0,13,3.33,2402278.0,0
62228.0,19,0.76,2991481.0,0
178799.0,14,11.96,3541280.0,0
57035.0,10,12.71,1388188.0,0
61412.0,8,3.57,2399757.0,0
30658.0,13,19.83,2738226.0,0
141483.0,6,5.93,2971129.0,0
11943.0,19,6.99,2361489.0,0
69941.0,13,10.88,4362916.0,0
140568.0,14,4.7,2644348.0,0
238290.0,10,2.43,2277613.0,0
115978.0,18,8.02,1418140.0,0
107878.0,17,1.05,1825858.0,0
214506.0,8,4.56,3176901.0,0
26067.0,20,2.88,2989679.0,0
5060.0,12,5.94,912407.0,0
29452.0,8,8.92,4655207.0,0
26160.0,7,13.03,1902530.0,0
15529.0,16,4.3,1704993.0,0
120890.0,10,11.55,5169161.0,0
792847.0,16,4.09,5309313.0,0
39764.0,17,13.59,1893343.0,0
219829.0,0,1.94,2302579.0,0
16765.0,18,16.94,1428165.0,0
126659.0,18,12.9,4381733.0,0
90277.0,12,10.2,4605228.0,0
21980.0,16,4.76,2199593.0,0
212709.0,13,3.62,6019751.0,0
95344.0,14,11.08,4640583.0,0
46286.0,8,2.66,2615823.0,0
102906.0,13,14.09,4164062.0,0
32865.0,9,9.39,1126989.0,0
48019.0,18,30.79,2423183.0,0
61337.0,8,9.23,3215653.0,0
10893.0,13,2.88,2783994.0,0
175045.0,18,6.55,8645953.0,0
58836.0,20,4.05,3321487.0,0
78962.0,15,0.51,3425245.0,0
102854.0,12,7.81,1348811.0,0
84455.0,13,3.49,2525657.0,0
88904.0,20,5.8,1819719.0,1
140776.0,18,12.45,10190345.0,0
51694.0,13,4.98,2227820.0,0
44702.0,20,7.54,2989485.0,0
28978.0,10,6.36,5464725.0,0
39275.0,7,5.89,4018005.0,0
18991.0,22,19.5,1288397.0,0
105036.0,19,4.14,3978106.0,0
298571.0,14,27.99,4138326.0,0
26089.0,6,6.53,2533783.0,1
112407.0,15,10.64,3614602.0,0
83859.0,15,4.93,2966021.0,0
8070.0,8,3.12,1306904.0,0
117333.0,9,11.76,2053807.0,0
368572.0,10,17.31,2832085.0,0
35453.0,20,17.87,2028054.0,0
222274.0,7,16.58,3766305.0,0
31561.0,7,11.49,4858367.0,0
132066.0,10,9.96,3254375.0,0
17674.0,13,10.7,2281074.0,0
310341.0,12,1.25,5925010.0,0
307458.0,11,1.86,3020007.0,0
29882.0,15,1.85,3400960.0,0
15541.0,11,6.34,1839925.0,0
284067.0,14,7.44,2484106.0,0
419155.0,13,6.8,4848048.0,0
684480.0,12,2.64,4215086.0,0
88416.0,9,5.5,2526239.0,0
230958.0,8,4.34,2812725.0,0
40501.0,10,10.5,3123817.0,0
91160.0,19,4.08,1668569.0,0
176440.0,22,0.8,2528665.0,0
187333.0,7,10.15,2113318.0,0
31710.0,20,11.42,1306626.0,0
100957.0,10,0.81,3044432.0,0
187320.0,9,5.84,2587083.0,0
97656.0,7,7.23,1251729.0,0
23722.0,9,4.37,1808261.0,0
50572.0,8,16.04,2669044.0,0
43961.0,10,15.63,900000.0,0
61282.0,22,4.41,3098200.0,0
86281.0,20,6.08,3242411.0,0
36016.0,18,35.73,4000877.0,0
55116.0,17,7.59,2018221.0,0
69026.0,13,13.65,1280319.0,0
178140.0,10,2.6,3955779.0,0
31982.0,12,7.55,1314402.0,0
74543.0,15,12.17,3770246.0,0
48590.0,13,5.77,1930892.0,0
127399.0,14,3.58,1604680.0,0
32767.0,11,18.42,3292031.0,0
47275.0,8,2.33,5190624.0,0
38851.0,15,7.45,2568449.0,0
87742.0,16,9.96,2446021.0,0
9473.0,23,6.58,1106206.0,0
196823.0,18,3.44,4422848.0,0
26398.0,15,3.7,2914483.0,0
26274.0,14,6.41,2411365.0,0
89601.0,8,3.16,5750160.0,0
46562.0,15,23.02,1182385.0,0
86409.0,5,11.5,2121412.0,0
38366.0,11,16.55,2807479.0,0
863807.0,7,4.75,2379923.0,0
43850.0,22,12.28,900000.0,0
150427.0,17,3.17,3393135.0,0
160153.0,10,9.86,2753422.0,0
56187.0,18,13.86,4881928.0,0
171326.0,12,1.7,8598141.0,0
100327.0,11,3.77,2525093.0,0
57586.0,15,10.4,3459345.0,0
97251.0,9,1.15,3218136.0,0
119899.0,6,23.02,3074070.0,0
89609.0,13,7.45,2594905.0,0
33272.0,19,4.93,3463351.0,0
53682.0,10,6.19,5207550.0,0
12252.0,13,5.97,1755290.0,0
804354.0,7,7.39,7965583.0,0
108726.0,22,3.5,3699076.0,0
217837.0,8,8.04,3307715.0,0
17160.0,17,14.78,900000.0,0
84023.0,11,9.06,2783683.0,0
51098.0,7,3.33,1637018.0,0
309658.0,20,13.94,3840211.0,0
180369.0,7,6.87,4735952.0,0
165179.0,7,6.47,5270123.0,0
37942.0,11,11.75,2555116.0,0
47787.0,8,2.67,2687447.0,0
127484.0,16,2.18,3560983.0,0
44652.0,20,9.59,900000.0,0
43156.0,8,3.64,2205712.0,0
122518.0,17,7.18,2077344.0,0
47281.0,13,14.62,3728731.0,0
119045.0,8,16.42,2177251.0,0
252265.0,12,10.94,4215470.0,0
176426.0,14,6.09,2518240.0,0
49235.0,10,4.69,4481803.0,0
673286.0,8,9.91,9484928.0,0
148834.0,14,3.52,6596430.0,0
183201.0,18,14.23,4713972.0,0
218261.0,11,6.68,5255204.0,0
56829.0,7,8.29,2289545.0,0
67663.0,15,11.91,1832671.0,0
38970.0,20,2.23,1758312.0,0
34241.0,22,2.73,3118286.0,0
225031.0,18,19.87,6296476.0,0
102644.0,7,9.59,1874722.0,0
124335.0,13,2.5,3623304.0,0
31466.0,13,15.16,1410093.0,0
138741.0,8,9.86,1434230.0,0
59578.0,7,2.21,4487573.0,0
39871.0,15,35.42,1919223.0,0
5278.0,7,3.21,1889166.0,0
261131.0,19,5.65,8298859.0,0
75287.0,13,7.94,2908205.0,0
32780.0,8,6.21,2732333.0,0
21022.0,11,22.41,2467823.0,0
155257.0,15,2.66,3518577.0,0
96736.0,9,4.3,1897077.0,0
34665.0,9,6.7,2889674.0,0
77277.0,11,9.73,5090142.0,0
20034.0,9,4.28,2347305.0,0
35352.0,4,2.81,900000.0,0
42895.0,22,8.45,1953102.0,0
366362.0,15,6.53,4271914.0,0
171779.0,18,9.42,5186777.0,0
67562.0,15,12.39,3419811.0,0
491238.0,9,2.92,6139223.0,0
88890.0,15,11.8,1580639.0,0
95688.0,13,2.97,5657572.0,0
532611.0,9,4.14,3142419.0,0
164812.0,12,14.97,4060886.0,0
183211.0,12,7.19,900000.0,0
116172.0,22,4.52,4574445.0,0
91996.0,19,12.25,3182753.0,0
62912.0,9,9.26,7998036.0,0
44203.0,5,16.19,3105355.0,0
25138.0,14,8.69,1639352.0,0
54663.0,3,14.68,1800085.0,0
92975.0,20,7.64,3499798.0,0
110789.0,23,8.36,3316493.0,0
66280.0,13,17.57,1975544.0,0
27543.0,8,3.43,1556146.0,0
194874.0,15,17.49,6445815.0,0
16213.0,19,4.65,2455544.0,0
17845.0,14,0.64,2696448.0,0
100753.0,18,11.14,2088151.0,0
314181.0,17,1.77,6041939.0,0
93107.0,8,6.46,5171289.0,0
6569.0,14,14.85,1596343.0,0
27573.0,11,5.34,2684515.0,0
38199.0,21,9.02,1686168.0,0
204293.0,17,11.99,7764102.0,0
24439.0,7,10.38,3573058.0,0
12635.0,11,6.08,2400076.0,0
41222.0,12,3.2,2325641.0,0
52339.0,22,13.55,3776933.0,0
194088.0,17,3.04,2445630.0,0
190912.0,18,3.13,6540950.0,0
28012.0,9,17.59,1682379.0,0
21202.0,14,6.32,1419862.0,0
311700.0,16,9.41,6082313.0,0
112064.0,10,4.71,2215523.0,0
87835.0,21,16.06,6113796.0,0
55213.0,9,6.89,4542820.0,0
46327.0,19,7.3,1326666.0,0
25555.0,17,10.07,2002491.0,0
8245.0,21,7.49,2876987.0,1
86690.0,18,3.7,2480292.0,0
25016.0,15,6.16,3307532.0,0
104564.0,15,4.86,1999200.0,0
180194.0,9,3.08,2672217.0,0
655468.0,7,34.15,4857074.0,0
122439.0,12,10.62,5828293.0,0
8520.0,12,2.38,1813203.0,0
16559.0,11,40.34,2464612.0,0
19397.0,12,0.82,2611400.0,0
197483.0,11,6.48,1332691.0,0
311211.0,9,7.78,4690386.0,0
235886.0,16,2.79,3819832.0,1
60084.0,10,8.79,3729903.0,0
57504.0,12,2.94,2635216.0,0
82578.0,18,16.51,4519054.0,0
24192.0,7,5.5,4756430.0,0
186967.0,19,12.81,5299619.0,0
25941.0,21,14.07,2549950.0,0
42280.0,14,6.11,3393207.0,0
109836.0,14,6.95,2260955.0,0
121691.0,10,6.02,2344340.0,0
300338.0,2,7.12,4803907.0,0
46057.0,15,6.85,2883992.0,1
23755.0,0,15.22,2573042.0,0
192312.0,22,1.03,3901591.0,0
54487.0,8,7.62,4037580.0,0
11382.0,17,2.72,1849213.0,0
20346.0,2,15.06,1960863.0,0
135971.0,20,5.37,4142851.0,0
39256.0,1,5.37,3739510.0,0
202600.0,12,14.97,2495144.0,0
175177.0,7,2.59,5405084.0,0
68685.0,13,5.91,2651445.0,0
5000.0,18,2.42,967896.0,0
89115.0,10,2.24,1807380.0,0
189393.0,10,3.95,1244216.0,0
632208.0,13,8.08,5257754.0,0
34329.0,17,1.98,3696869.0,0
324211.0,16,15.62,2988909.0,0
7270.0,17,4.16,900000.0,0
28598.0,17,12.1,1242509.0,0
188521.0,18,3.53,2577220.0,0
74558.0,14,1.79,1051802.0,0
303784.0,14,2.95,4700207.0,0
64971.0,16,2.95,2645858.0,0
222093.0,14,9.42,2588058.0,0
58790.0,11,11.99,2704032.0,0
16815.0,11,5.22,1660365.0,0
25513.0,0,1.78,1577568.0,0
5000.0,20,3.92,985467.0,0
21161.0,13,4.55,2836386.0,0
74069.0,7,6.98,3501046.0,0
138042.0,19,3.87,2456993.0,0
94950.0,15,7.58,2397023.0,0
632081.0,22,3.43,1669577.0,0
76679.0,8,7.23,3213937.0,0
110143.0,12,11.87,900000.0,0
5219.0,9,1.71,1525274.0,0
194454.0,11,14.11,1949341.0,0
16065.0,9,10.98,2116897.0,0
161152.0,8,8.97,3156521.0,0
73335.0,15,9.99,2518834.0,0
254101.0,7,2.76,3049955.0,0
106322.0,11,12.87,5555535.0,0
320579.0,12,8.63,5955266.0,0
31477.0,22,25.69,3998038.0,0
293658.0,14,9.01,5564184.0,0
571376.0,10,4.26,7249427.0,0
259928.0,10,4.48,3432712.0,0
31128.0,18,14.97,1297648.0,1
68883.0,17,10.24,4867221.0,0
8943.0,14,4.27,1619982.0,0
569826.0,15,8.26,7796222.0,0
388360.0,13,8.2,7231124.0,0
18130.0,23,3.92,2105588.0,0
62253.0,22,6.11,1529191.0,0
29107.0,19,4.62,1917186.0,0
46808.0,15,3.26,2701548.0,0
124802.0,7,4.68,5665046.0,0
43608.0,15,3.92,1419258.0,0
101823.0,16,4.56,4547898.0,0
50826.0,12,0.71,900000.0,0
26898.0,16,16.29,5458387.0,0
225415.0,6,0.77,2706184.0,0
41352.0,11,8.72,3125138.0,0
20420.0,5,4.78,2641244.0,0
446156.0,14,3.36,4684585.0,0
107942.0,9,3.12,3434397.0,0
287378.0,8,3.15,7085026.0,0
69227.0,18,3.02,1054093.0,0
159842.0,18,5.79,1702044.0,0
77079.0,18,8.07,1335500.0,0
43442.0,15,5.57,4155362.0,0
29021.0,11,2.7,1106776.0,0
139999.0,5,4.45,10661962.0,0
82133.0,9,22.18,2945034.0,0
205309.0,21,3.07,5483072.0,0
22457.0,12,21.94,1645654.0,0
51374.0,16,14.76,3119267.0,0
109930.0,14,10.69,3947001.0,0
90638.0,18,18.69,1898631.0,0
50742.0,15,3.18,2470328.0,0
134753.0,16,6.9,6594115.0,0
80538.0,13,7.38,5618903.0,0
17617.0,5,6.06,3849908.0,0
263785.0,14,2.9,8280218.0,0
32919.0,15,11.43,960241.0,0
276641.0,19,10.39,3286417.0,0
22683.0,16,4.22,2270196.0,0
73491.0,14,1.94,6126808.0,0
300908.0,14,6.7,5155425.0,0
79251.0,13,3.69,5327126.0,0
34605.0,17,4.69,2016445.0,0
87363.0,16,10.24,3813245.0,0
32702.0,14,4.77,5072094.0,0
41812.0,12,2.85,5715288.0,0
38851.0,17,2.78,1682193.0,0
40240.0,13,4.24,1922907.0,0
157945.0,10,2.73,3204266.0,0
63798.0,11,2.15,6030285.0,1
150171.0,7,4.31,3938406.0,0
13025.0,8,4.34,5967402.0,0
5000.0,19,1.59,956727.0,0
155498.0,17,13.62,2411429.0,0
359613.0,9,8.79,3683938.0,0
109309.0,4,15.05,3247517.0,0
7662.0,6,4.14,989451.0,0
44161.0,9,14.37,5129986.0,0
63479.0,18,5.86,3385675.0,0
93261.0,8,9.51,2166337.0,0
154382.0,8,1.61,5410731.0,0
63265.0,16,4.1,1081688.0,0
56519.0,18,7.92,2113598.0,0
251224.0,19,7.34,4553245.0,0
300216.0,21,9.33,3443247.0,0
44023.0,15,19.86,2474507.0,0
150022.0,16,9.97,2572923.0,0
20593.0,20,7.88,2462484.0,0
159458.0,20,11.39,4511375.0,0
20919.0,0,11.53,2368488.0,0
114762.0,17,3.81,4065261.0,0
7247.0,15,11.13,900000.0,0
91232.0,18,2.55,5505789.0,0
398237.0,9,0.43,10723898.0,0
58415.0,17,10.21,3685566.0,0
210341.0,19,8.36,2669874.0,0
132410.0,7,3.5,2086167.0,0
111814.0,10,10.76,4114395.0,0
42679.0,13,4.03,1958196.0,0
65241.0,19,14.74,1784817.0,0
20448.0,19,7.25,900000.0,0
52988.0,11,4.29,3199690.0,0
37222.0,21,6.52,2386112.0,0
17496.0,19,19.71,2459203.0,0
54893.0,10,2.27,2796445.0,0
107069.0,20,8.79,1896774.0,0
205870.0,8,1.97,3103911.0,0
43630.0,10,8.14,1545987.0,0
93930.0,14,12.95,2627821.0,0
26061.0,8,7.07,2398491.0,0
9672.0,12,9.35,1094236.0,0
20000.0,17,1.95,1437687.0,0
5000.0,8,2.73,2021317.0,0
20129.0,16,8.96,2055025.0,0
171140.0,19,12.82,3229020.0,0
350216.0,19,12.9,2240890.0,1
19056.0,17,2.32,2722309.0,0
219374.0,16,11.64,2236188.0,0
24267.0,17,2.66,900000.0,0
73109.0,8,14.2,2616275.0,0
14935.0,14,6.65,1761958.0,0
30527.0,21,4.2,2564348.0,0
20483.0,21,5.76,1837262.0,0
120667.0,14,16.05,4015820.0,0
280691.0,15,6.26,2730178.0,0
55915.0,14,10.33,4133682.0,0
110346.0,12,5.34,4303312.0,0
100926.0,10,7.14,2050260.0,0
137416.0,9,4.94,4384255.0,0
174673.0,13,1.74,3175369.0,0
15553.0,9,5.84,1564784.0,0
25708.0,9,2.32,2626977.0,0
41278.0,7,6.74,2948680.0,0
106852.0,12,2.13,5629801.0,0
197515.0,14,28.07,2311526.0,0
353888.0,13,3.54,6643207.0,0
1178190.0,8,8.69,4276149.0,0
45872.0,18,3.77,900000.0,0
16493.0,16,3.49,1584157.0,0
52695.0,15,10.27,3866001.0,0
22681.0,9,21.09,1257575.0,0
25901.0,16,6.25,3638312.0,0
227752.0,16,6.42,5989800.0,0
106492.0,12,12.61,2416042.0,0
129061.0,16,5.9,6072986.0,0
448659.0,10,8.2,5799568.0,0
36324.0,14,14.44,2714564.0,0
35485.0,12,5.75,2749095.0,0
129354.0,13,2.19,3093492.0,0
125646.0,13,11.56,3576238.0,0
111697.0,12,2.27,1188887.0,0
285844.0,9,33.06,2585490.0,0
91192.0,12,5.48,1115530.0,0
52807.0,17,7.77,2315895.0,0
36075.0,15,1.89,2481707.0,0
10899.0,14,15.25,1030489.0,0
26783.0,12,7.35,1397485.0,0
42472.0,19,8.59,2249415.0,0
489129.0,9,13.55,9187182.0,0
97647.0,16,2.17,1305928.0,0
37531.0,12,8.3,2998533.0,0
82181.0,0,10.0,1712865.0,0
49561.0,12,7.69,2278110.0,0
241844.0,15,7.75,4813700.0,0
41866.0,22,6.06,3321381.0,0
97380.0,19,5.16,3538835.0,0
541594.0,18,2.52,3663565.0,0
50898.0,21,15.36,3842581.0,0
9569.0,14,19.67,900000.0,0
105145.0,2,6.89,3462341.0,1
51472.0,9,21.43,2671988.0,0
154073.0,18,8.45,3484127.0,0
163228.0,11,0.36,4435440.0,0
113009.0,18,3.36,3519201.0,0
19460.0,11,19.16,4093254.0,0
34378.0,9,4.8,1470081.0,0
321917.0,11,4.32,3581971.0,0
165570.0,9,2.92,2636682.0,0
63506.0,8,4.16,2669919.0,0
1139005.0,12,10.02,5724147.0,0
31547.0,22,14.79,2140095.0,0
21142.0,20,19.41,1940579.0,0
12762.0,17,5.16,1359554.0,0
32978.0,17,4.6,2379853.0,0
282187.0,15,9.61,5045501.0,0
92792.0,16,3.12,1118888.0,0
35528.0,11,11.53,3214878.0,0
30187.0,19,3.69,900000.0,0
89083.0,17,7.48,1915497.0,0
34169.0,17,12.99,3561707.0,0
16364.0,12,14.6,2082172.0,0
30344.0,12,12.26,1445565.0,0
48601.0,19,4.19,2286657.0,0
244018.0,20,18.4,4824124.0,0
111866.0,19,6.3,6360988.0,0
295082.0,14,9.29,6432320.0,0
30443.0,8,2.02,4075030.0,0
67957.0,14,2.42,3414182.0,0
179624.0,9,25.17,4815455.0,0
12479.0,19,4.89,1482329.0,0
6198.0,21,14.09,1643056.0,0
61279.0,14,5.64,5697202.0,0
127574.0,15,6.95,4484243.0,0
148144.0,8,8.63,4530873.0,0
71145.0,9,8.57,3163325.0,0
167695.0,19,4.5,1778681.0,0
146927.0,18,3.4,1545833.0,0
111356.0,17,3.98,4690528.0,0
124363.0,7,9.97,5079303.0,0
5897.0,8,8.5,1511888.0,0
40393.0,16,6.68,1864302.0,0
96182.0,16,7.44,2645945.0,0
272003.0,12,5.95,4529766.0,0
17085.0,11,15.79,2321755.0,0
214915.0,14,9.16,1752240.0,0
471890.0,7,8.65,4822294.0,0
136296.0,11,9.36,3888875.0,0
47479.0,13,6.82,1911291.0,0
32977.0,9,6.11,1948334.0,0
334737.0,6,12.66,5155717.0,0
70276.0,14,4.05,1384222.0,0
57498.0,9,8.36,2383423.0,0
55650.0,12,1.86,3584929.0,0
56905.0,8,2.95,3064952.0,0
404736.0,15,0.96,4668312.0,0
59722.0,10,13.5,1092602.0,0
127612.0,9,1.12,2827249.0,1
55367.0,22,7.84,3304412.0,0
62768.0,8,11.34,3363888.0,0
143466.0,20,5.24,3845571.0,0
28556.0,13,7.24,1473798.0,0
120902.0,15,5.04,6199379.0,0
25522.0,19,14.19,3594278.0,0
24341.0,12,6.7,3811283.0,0
109786.0,14,9.91,2038763.0,0
105189.0,6,10.2,3092661.0,0
677666.0,22,8.14,5820423.0,0
34057.0,0,1.29,2776721.0,0
30681.0,20,10.82,3117608.0,0
52247.0,13,9.3,3332802.0,0
23977.0,17,7.33,1140465.0,0
94974.0,15,4.2,2546479.0,0
120518.0,16,8.72,4099145.0,0
11722.0,16,11.69,2140243.0,0
82695.0,9,3.35,2735807.0,0
140767.0,14,9.22,2750020.0,0
31702.0,9,18.85,1174274.0,0
158810.0,6,7.21,4357893.0,0
59560.0,10,17.61,1329623.0,0
68910.0,11,6.23,3532786.0,0
101159.0,22,14.85,2601638.0,0
57685.0,9,5.8,2321007.0,0
73580.0,5,14.04,2904754.0,0
513778.0,19,9.8,4238219.0,0
128799.0,13,16.63,4379883.0,0
20110.0,7,1.79,2209866.0,0
29508.0,9,3.85,2557843.0,0
28405.0,22,2.1,1745312.0,0
36321.0,9,4.82,1253319.0,0
89022.0,12,7.68,4723906.0,0
92500.0,19,4.4,1531320.0,0
201308.0,22,5.55,1868628.0,0
401604.0,22,1.26,3449715.0,0
16320.0,7,15.79,1334277.0,0
110123.0,5,7.99,3646151.0,0
134304.0,19,3.46,1760431.0,0
76390.0,18,8.66,1498678.0,0
67358.0,10,17.0,2034505.0,0
5863.0,9,3.78,1753369.0,0
77544.0,5,2.24,3188180.0,0
1052177.0,15,6.44,6107965.0,0
205442.0,13,9.44,4056624.0,0
105794.0,19,5.13,3615883.0,0
30599.0,12,3.34,1996103.0,0
58441.0,14,7.02,2452227.0,0
46251.0,13,4.28,2945921.0,0
372811.0,12,2.75,2685554.0,0
52302.0,12,1.56,2998609.0,0
6031.0,13,3.12,1429944.0,0
58454.0,21,3.61,7288499.0,0
5109.0,22,18.33,1317440.0,0
8415.0,12,0.73,2529163.0,0
52179.0,15,18.74,4315431.0,0
26781.0,18,10.7,1815412.0,0
88779.0,7,8.04,4871611.0,0
25610.0,14,3.16,1257349.0,0
45958.0,19,3.94,1814023.0,0
59783.0,15,24.01,900000.0,0
354105.0,15,18.94,4813567.0,0
49769.0,14,12.15,1412654.0,0
38392.0,11,2.25,1859674.0,0
345430.0,9,17.83,4142259.0,0
59456.0,15,0.67,3281010.0,0
646746.0,14,31.32,4871667.0,0
247795.0,17,1.94,3871339.0,0
189604.0,8,3.83,4424555.0,0
10375.0,18,0.59,2079853.0,0
36120.0,9,2.6,2583394.0,0
44517.0,7,6.77,4064292.0,0
28809.0,14,10.48,4094118.0,0
68455.0,15,6.4,4552553.0,0
44639.0,13,10.99,1775748.0,0
39717.0,8,7.38,1480557.0,0
55356.0,12,11.52,1356739.0,0
45754.0,18,0.27,2085140.0,0
31377.0,6,3.56,2558615.0,0
48959.0,9,10.36,1403208.0,0
34096.0,10,3.24,2444333.0,0
105639.0,7,6.8,3827363.0,0
33539.0,16,10.55,4658886.0,0
144714.0,13,2.48,1957881.0,0
213747.0,14,5.33,3695622.0,0
18550.0,13,15.47,1340211.0,0
31450.0,14,4.69,1880893.0,0
137368.0,15,7.92,2867242.0,0
98847.0,6,8.86,1895753.0,0
19672.0,15,9.35,1761991.0,0
75198.0,19,5.11,3133742.0,0
176178.0,9,6.7,1567535.0,0
64270.0,9,10.41,2873452.0,0
34978.0,7,6.17,2548586.0,0
56577.0,8,12.26,3575417.0,0
181306.0,9,5.64,4093064.0,0
71295.0,11,7.3,2907660.0,0
17876.0,11,5.54,2055708.0,0
348962.0,7,6.15,4702081.0,0
92504.0,17,8.67,3009491.0,0
18375.0,12,14.01,1664192.0,0
26700.0,14,14.29,2968723.0,0
15923.0,12,8.38,1927626.0,0
80638.0,12,3.38,900000.0,0
18062.0,8,6.36,1593030.0,0
145038.0,12,5.65,2191522.0,0
84905.0,12,6.62,2098256.0,0
25532.0,10,5.01,1158260.0,0
41084.0,14,12.37,2226791.0,0
117382.0,7,3.03,3412966.0,0
36282.0,16,4.05,1441823.0,0
33102.0,8,16.14,3107924.0,0
9886.0,13,20.45,900000.0,0
169764.0,10,1.42,3562790.0,0
18708.0,13,18.64,1976122.0,0
82467.0,8,2.39,1291158.0,0
71199.0,16,5.53,4962727.0,0
78030.0,8,1.83,3482515.0,0
181798.0,16,9.99,4544257.0,0
252092.0,12,9.7,3196643.0,0
179531.0,8,4.7,3261588.0,0
29166.0,1,0.3,2182245.0,0
191181.0,11,6.92,3397877.0,0
82939.0,16,6.51,2572742.0,0
25715.0,13,1.65,1896259.0,0
256633.0,11,6.7,2427736.0,0
51116.0,17,5.44,1336948.0,0
195336.0,8,14.89,2654221.0,0
82849.0,20,7.78,3426859.0,0
50927.0,7,1.84,2881822.0,0
32153.0,16,2.5,3674043.0,0
66373.0,15,7.37,2269772.0,0
16312.0,10,6.97,2740124.0,0
79720.0,16,7.09,2732998.0,0
79521.0,14,16.47,7741302.0,0
45381.0,18,8.24,1319723.0,1
225245.0,12,27.49,8126373.0,0
11139.0,14,7.6,1806239.0,0
29775.0,15,8.49,2240189.0,0
99996.0,7,13.67,3134005.0,0
106489.0,8,21.11,3696771.0,0
152906.0,8,2.73,2653561.0,0
76012.0,15,6.12,3040925.0,0
98291.0,18,1.11,5765294.0,0
566693.0,10,14.47,11149942.0,0
150531.0,16,10.13,3372882.0,0
335630.0,10,5.12,3945184.0,0
77289.0,14,7.4,2555900.0,0
137968.0,17,24.93,6674056.0,0
51645.0,15,5.32,2537210.0,0
29266.0,18,13.7,3562860.0,0
116226.0,6,8.12,1527561.0,0
12024.0,12,7.77,900000.0,0
2298812.0,19,6.7,9307091.0,0
86312.0,10,3.47,4833760.0,0
107121.0,19,0.62,4454444.0,0
122781.0,10,8.45,1627742.0,0
171213.0,13,20.15,1112975.0,0
90969.0,14,1.22,2376063.0,0
110751.0,12,18.61,2883684.0,0
127375.0,15,6.5,4006794.0,0
123935.0,5,4.09,2722217.0,0
75047.0,9,2.27,5433591.0,0
27692.0,16,23.25,3269290.0,0
54937.0,9,13.72,3203311.0,0
176799.0,13,5.81,5095961.0,0
20457.0,15,10.84,1882225.0,0
66230.0,19,1.83,3338187.0,0
134288.0,15,1.89,2001471.0,0
34669.0,12,5.91,1875251.0,0
120044.0,20,7.62,6166604.0,0
93123.0,11,5.5,4908145.0,0
98445.0,20,11.68,3625948.0,0
40074.0,10,1.82,5522981.0,0
70694.0,12,4.26,3324403.0,0
66794.0,14,16.61,5659971.0,0
19641.0,17,4.39,1711401.0,0
14176.0,16,12.1,2505438.0,0
126554.0,8,6.7,3342224.0,0
14932.0,7,5.31,1570058.0,0
36394.0,15,9.56,1884116.0,0
131893.0,1,3.86,1383037.0,0
99601.0,8,11.52,3927112.0,0
129449.0,11,9.49,2112413.0,0
46764.0,18,2.34,3146710.0,0
92008.0,10,1.61,3615126.0,0
77796.0,12,9.44,2495737.0,0
94176.0,15,5.68,2754161.0,0
82269.0,19,17.82,2930954.0,0
77599.0,18,13.17,3427413.0,0
89914.0,15,2.98,5639249.0,0
12541.0,18,1.87,1498285.0,0
68570.0,9,2.77,2857240.0,0
75757.0,10,12.32,1419545.0,0
41346.0,14,4.04,5971387.0,0
5000.0,8,10.55,1008184.0,0
41689.0,13,5.7,2978786.0,0
24904.0,21,1.55,2171052.0,0
47336.0,13,3.56,1992922.0,1
232059.0,7,10.13,4007633.0,0
48479.0,16,0.63,3628718.0,0
73223.0,13,12.43,1619496.0,0
62149.0,14,14.02,3496415.0,0
39772.0,16,11.39,3178769.0,0
56520.0,8,6.89,1815448.0,0
30545.0,8,6.43,1234036.0,0
92608.0,16,5.74,4174087.0,0
48994.0,11,2.84,3961275.0,0
277207.0,14,0.47,3597387.0,0
81232.0,20,5.75,2041085.0,0
434414.0,8,3.28,5235032.0,0
230137.0,17,9.92,15000000.0,0
322105.0,16,5.6,2958482.0,0
83438.0,17,11.53,3614346.0,0
59011.0,9,1.94,1739468.0,0
10373.0,9,1.48,1747606.0,0
500838.0,12,2.35,7016341.0,0
172965.0,21,0.57,9281678.0,0
111204.0,7,1.09,2362448.0,0
7127.0,8,6.81,1891362.0,0
32091.0,0,19.58,1635666.0,0
37364.0,11,7.8,1935683.0,0
141215.0,9,14.66,2773411.0,0
96617.0,15,3.75,1366488.0,0
44964.0,13,8.36,1829363.0,0
229266.0,12,3.49,4500950.0,0
132594.0,9,4.42,2451506.0,0
100793.0,9,9.38,1752714.0,0
191120.0,13,7.01,1413714.0,0
464761.0,9,13.59,4798393.0,0
28853.0,10,3.14,1511910.0,0
106485.0,14,17.5,2474784.0,0
51550.0,14,9.95,4615856.0,0
26294.0,17,3.13,3588925.0,0
120123.0,14,18.57,3134392.0,0
267038.0,15,4.06,3150897.0,0
64181.0,17,4.37,1593703.0,0
16857.0,7,4.16,1804450.0,0
61203.0,7,18.62,2074653.0,0
12593.0,14,2.55,900000.0,0
19241.0,6,6.37,2130302.0,0
30344.0,6,13.93,2532526.0,0
133317.0,8,6.55,2555793.0,0
63298.0,16,4.44,2500487.0,0
36760.0,11,9.13,2990559.0,0
488298.0,0,5.99,3100285.0,0
90225.0,14,3.64,6537793.0,0
147187.0,10,13.91,2914024.0,0
224465.0,10,4.47,4270419.0,0
25376.0,15,4.56,1936294.0,0
22081.0,13,6.7,3204980.0,0
48973.0,6,16.59,3145541.0,0
82953.0,12,1.97,2370623.0,0
15746.0,11,2.02,1054794.0,0
48579.0,17,9.65,1287706.0,0
128485.0,8,3.04,3439237.0,0
369390.0,14,10.2,2616183.0,0
40307.0,4,2.42,2352894.0,0
34814.0,19,3.27,1857862.0,0
96446.0,9,7.43,2831218.0,0
74454.0,17,2.73,3689719.0,0
80744.0,16,5.0,7475517.0,0
75649.0,19,9.76,2683255.0,0
37537.0,11,6.7,2459070.0,0
79405.0,12,1.76,3144993.0,0
163148.0,18,9.71,5135129.0,0
213513.0,11,8.22,9613469.0,0
89895.0,8,1.69,3693971.0,0
20036.0,15,2.4,1236587.0,0
51600.0,10,5.25,2760854.0,0
42385.0,11,23.63,1462316.0,0
93969.0,13,15.36,1607926.0,0
238407.0,12,14.76,7360773.0,0
55614.0,16,6.05,2256774.0,0
21152.0,20,9.69,1846820.0,0
58177.0,18,10.42,5803275.0,0
41847.0,11,4.48,2858493.0,0
16375.0,16,2.06,1472418.0,0
35590.0,10,6.7,2835242.0,0
16093.0,13,1.09,1276801.0,0
19814.0,8,3.39,1714879.0,0
100893.0,19,8.85,3046819.0,0
18999.0,10,12.36,900000.0,0
171579.0,11,4.18,4075838.0,0
160304.0,19,18.44,3167073.0,0
60895.0,14,6.7,4373111.0,0
172540.0,17,2.14,2225881.0,0
90366.0,19,1.67,3479754.0,0
89627.0,7,13.04,1606139.0,0
64861.0,14,3.89,1664803.0,0
78741.0,20,3.95,2925474.0,0
74427.0,0,9.78,2807231.0,1
180231.0,13,10.02,2752403.0,0
581410.0,9,3.52,5810240.0,0
48437.0,13,3.58,2381773.0,0
51650.0,11,4.43,3543555.0,0
76455.0,9,7.36,3345128.0,0
18675.0,11,3.46,3020984.0,0
67560.0,13,10.23,3474117.0,0
103231.0,10,4.83,1069824.0,0
67086.0,9,1.78,2043443.0,0
98870.0,8,7.11,5077748.0,0
50670.0,8,1.86,2358452.0,0
79986.0,16,4.27,4065703.0,0
89590.0,20,5.59,3590856.0,0
75064.0,16,4.76,900000.0,1
43351.0,18,2.19,1349171.0,0
72801.0,8,13.03,1922534.0,0
16787.0,16,4.31,1906199.0,0
17964.0,22,1.17,2165155.0,0
36534.0,21,3.09,2185184.0,0
99247.0,1,4.86,1770408.0,0
54804.0,8,11.37,1920515.0,0
37704.0,11,8.83,946496.0,0
158446.0,7,1.23,8032837.0,0
303226.0,22,5.37,5937509.0,0
149729.0,7,0.92,4473355.0,0
329950.0,13,14.67,2640035.0,1
96247.0,22,10.62,1674975.0,1
218882.0,21,10.11,10544675.0,0
46857.0,14,9.16,1645295.0,0
318249.0,11,3.48,6063140.0,0
164945.0,14,17.66,3272033.0,0
33376.0,9,5.42,1672166.0,0
73618.0,7,5.15,1761377.0,0
136538.0,16,1.99,2189396.0,0
90611.0,8,4.28,1956524.0,0
16131.0,9,13.39,1267113.0,0
41825.0,21,1.28,3482221.0,0
39166.0,5,9.06,1663988.0,0
38308.0,17,7.85,4193855.0,0
134403.0,9,2.21,2498991.0,0
122709.0,14,4.84,2980998.0,0
415381.0,9,5.52,2937598.0,0
28019.0,13,16.37,2226829.0,0
60231.0,14,3.23,2611950.0,0
116931.0,19,3.12,3030794.0,0
22815.0,7,6.59,9816268.0,0
20588.0,16,9.35,1358310.0,0
23623.0,15,9.48,1871051.0,0
224558.0,16,7.83,2224253.0,0
37687.0,20,20.44,1376195.0,0
22731.0,17,5.83,1319379.0,0
9398.0,13,8.22,1167933.0,0
276886.0,6,1.59,2644001.0,0
15944.0,13,1.36,2030675.0,0
37919.0,21,5.31,2987227.0,0
31224.0,18,3.06,1240398.0,0
30162.0,12,2.41,1664889.0,0
143008.0,15,5.73,4485275.0,0
110193.0,18,2.81,4104308.0,0
40169.0,18,13.01,1151024.0,0
216384.0,9,9.41,4271013.0,0
182234.0,8,5.35,2003543.0,0
29527.0,15,8.03,1471958.0,0
14307.0,20,12.27,4035229.0,0
69811.0,7,5.33,4430820.0,0
56473.0,14,4.31,900000.0,0
83166.0,21,0.87,4335439.0,0
46609.0,13,2.2,2044451.0,0
69447.0,8,8.53,2012696.0,0
173460.0,12,22.32,2183065.0,0
104260.0,7,0.52,4818373.0,0
138520.0,18,12.24,5328542.0,0
84604.0,13,1.4,3198174.0,0
184404.0,15,8.26,4070266.0,0
652613.0,9,8.51,8522926.0,0
398082.0,17,6.7,2610873.0,0
51630.0,11,11.96,1510618.0,0
45250.0,16,17.99,3515103.0,0
147110.0,12,0.8,3879709.0,0
6705.0,19,10.83,2418087.0,0
6486.0,16,19.99,2374421.0,0
91559.0,7,9.73,8579976.0,0
59231.0,17,13.66,2292582.0,0
20152.0,10,3.7,1617900.0,0
70497.0,9,6.02,900000.0,0
448775.0,14,4.13,4147442.0,0
271154.0,12,12.37,5325125.0,0
28870.0,12,7.56,1392820.0,0
60078.0,1,3.96,3648955.0,0
64723.0,18,7.4,2201975.0,0
322670.0,8,12.79,2752647.0,0
14430.0,7,5.95,1923344.0,0
43934.0,13,13.53,2643112.0,0
144913.0,7,13.24,4280413.0,0
70380.0,16,3.2,2013419.0,0
23174.0,12,6.03,1836480.0,0
35738.0,10,3.74,1532385.0,0
147873.0,8,1.0,4948328.0,0
24795.0,19,8.02,1688059.0,0
202477.0,18,7.99,3755883.0,0
32711.0,8,9.55,1348090.0,0
74987.0,20,9.25,900000.0,0
53648.0,18,0.46,1961976.0,0
213120.0,8,2.34,3037091.0,0
88452.0,18,4.86,4841545.0,0
174386.0,15,2.31,4133946.0,0
12321.0,10,2.13,3186974.0,1
16430.0,12,10.11,900000.0,0
39329.0,16,16.35,3479727.0,0
87380.0,6,6.03,1187687.0,0
77929.0,10,9.86,1822814.0,0
256883.0,13,12.05,7128379.0,0
34472.0,8,12.14,4635558.0,0
52384.0,18,6.19,1480997.0,0
60856.0,8,1.57,2214978.0,0
39734.0,7,7.83,4127234.0,0
89172.0,19,6.17,2473776.0,0
176109.0,8,1.58,2383309.0,0
29850.0,17,9.59,1450125.0,0
222357.0,14,4.43,3605244.0,0
138087.0,13,26.02,3879156.0,0
52576.0,13,5.94,1735134.0,0
14325.0,18,11.86,900000.0,0
431956.0,19,5.15,7247949.0,0
14779.0,14,1.64,1831809.0,0
177496.0,18,5.24,3384842.0,0
30920.0,20,3.7,1685668.0,0
30883.0,18,9.64,1791178.0,0
111305.0,14,9.56,4556933.0,0
27899.0,7,9.08,2267034.0,0
456347.0,10,5.36,4119839.0,0
59208.0,11,10.78,4174502.0,0
387985.0,6,2.55,2037588.0,0
84060.0,13,6.48,3174154.0,0
37106.0,9,5.58,4132165.0,0
74392.0,12,12.29,5344120.0,0
42949.0,9,12.43,2336769.0,0
43391.0,13,4.78,2721682.0,0
9014.0,10,7.43,1618241.0,0
78386.0,13,21.53,4161209.0,0
461665.0,8,0.57,2865871.0,0
7552.0,21,16.55,1306049.0,0
50666.0,12,6.51,2240727.0,0
103868.0,7,3.08,2549939.0,0
52416.0,12,2.35,1967040.0,0
89770.0,8,4.9,1831821.0,0
13731.0,14,7.04,1110006.0,0
101013.0,9,2.06,2870667.0,0
65063.0,19,3.98,2156857.0,0
125472.0,5,12.16,4499597.0,0
14939.0,14,2.7,2573123.0,0
137923.0,11,13.46,4313318.0,0
196266.0,10,5.26,1417040.0,0
103513.0,20,6.62,3352986.0,0
33935.0,8,15.6,4062423.0,0
589954.0,19,4.83,4098829.0,0
68934.0,13,23.33,2347745.0,1
72334.0,16,9.36,1681594.0,0
180244.0,9,8.88,6822501.0,0
6246.0,16,11.92,2460983.0,0
42283.0,15,5.57,1425277.0,0
91884.0,10,1.83,2443181.0,0
457136.0,21,0.76,3286895.0,0
136354.0,17,0.58,1859820.0,0
209610.0,18,19.61,3444327.0,0
55690.0,6,10.82,4498773.0,0
66217.0,15,23.2,2689550.0,0
64177.0,14,13.68,4796745.0,0
38206.0,11,2.01,2587568.0,0
105593.0,8,25.92,2134162.0,0
420026.0,9,7.65,6574575.0,0
99740.0,20,10.38,3901367.0,0
23959.0,9,14.9,2934913.0,0
34649.0,6,4.25,1032580.0,0
82331.0,7,6.66,1298496.0,0
34144.0,12,5.4,1109480.0,0
63015.0,7,10.87,2700697.0,0
105536.0,5,5.76,2719018.0,0
127035.0,7,1.77,3466406.0,0
270561.0,14,4.31,4869318.0,0
32591.0,19,5.36,1198032.0,0
99330.0,21,2.74,1322082.0,0
182078.0,7,5.99,1672889.0,0
54819.0,14,7.26,3547219.0,0
101519.0,16,5.02,3236362.0,0
38645.0,6,1.5,1563452.0,0
142017.0,19,7.98,1879615.0,0
49105.0,20,8.94,3400355.0,0
54116.0,10,0.5,2866428.0,0
50036.0,21,11.18,4816185.0,0
50653.0,14,1.27,1768978.0,0
73761.0,11,5.54,2559896.0,0
54682.0,8,7.59,1603682.0,0
128980.0,16,9.57,5181703.0,0
89257.0,12,16.96,4839840.0,0
309212.0,10,5.23,3604532.0,0
73538.0,16,23.2,4709955.0,0
90633.0,15,12.44,5879487.0,0
43329.0,18,10.26,6139174.0,0
205282.0,11,5.23,7019819.0,0
16063.0,10,7.78,1874799.0,0
37631.0,8,5.54,1795635.0,0
77051.0,18,10.45,5624804.0,0
32207.0,16,10.61,2207922.0,0
97399.0,7,3.32,1059521.0,0
69048.0,6,2.73,2174188.0,0
209679.0,11,2.25,4880003.0,0
29765.0,9,5.15,2163335.0,0
86190.0,11,1.78,4243506.0,0
63485.0,14,4.73,3301966.0,0
5991.0,12,13.42,1337243.0,1
57776.0,11,1.46,3579872.0,0
29842.0,13,2.03,2811260.0,0
257538.0,17,8.99,2069555.0,1
23830.0,15,7.43,1276001.0,0
509072.0,17,7.09,6726554.0,0
126590.0,21,11.1,1695554.0,0
18950.0,17,7.63,913905.0,0
92855.0,10,3.13,4418143.0,1
29374.0,21,1.4,2188532.0,0
174907.0,15,31.9,5357866.0,0
198099.0,16,8.5,2639635.0,0
65764.0,19,12.25,2772878.0,0
52045.0,20,10.1,3857363.0,0
375165.0,12,7.2,2980503.0,0
13364.0,8,4.76,2973737.0,0
382001.0,15,8.96,5064240.0,0
189258.0,18,4.9,1702571.0,0
96461.0,9,9.43,3794236.0,0
19313.0,10,18.86,3274597.0,0
22632.0,7,1.12,1159178.0,0
357814.0,13,6.31,5142261.0,0
537057.0,23,5.34,4267125.0,0
390683.0,8,10.58,6509813.0,0
84470.0,18,23.17,2203137.0,0
23148.0,15,2.28,1531056.0,0
215081.0,12,4.03,15000000.0,0
70656.0,18,7.48,1601173.0,0
173577.0,23,5.67,1811000.0,0
53269.0,21,8.46,3796206.0,0
45547.0,16,11.05,2207128.0,0
175860.0,10,2.48,3510947.0,0
25508.0,23,8.81,1351486.0,0
113287.0,16,17.35,1101144.0,0
129166.0,21,4.93,2072208.0,0
30056.0,8,2.54,4054213.0,0
103904.0,16,6.37,2749678.0,0
425234.0,22,16.64,5399957.0,0
179066.0,6,2.81,2423617.0,0
163839.0,13,9.04,3105057.0,0
14674.0,3,1.14,1700296.0,0
5004.0,9,9.64,1254759.0,0
91467.0,10,14.34,1437542.0,0
256895.0,15,21.27,1809275.0,0
333169.0,13,5.66,8236462.0,0
17439.0,15,10.33,1381216.0,0
47048.0,12,2.54,1724911.0,0
50407.0,14,9.02,5942792.0,0
18139.0,10,16.3,1941990.0,0
307256.0,12,5.57,3868511.0,0
5000.0,20,5.02,900000.0,0
54925.0,12,8.21,1641479.0,0
373099.0,23,1.51,3707502.0,0
6156.0,17,10.2,1100499.0,0
287115.0,20,0.45,3087346.0,0
39545.0,15,7.26,2851283.0,0
11952.0,19,6.52,2053510.0,0
346865.0,13,3.15,2405025.0,0
47477.0,12,4.39,4119000.0,0
84036.0,11,9.07,2716505.0,0
114040.0,19,4.39,4799164.0,0
71245.0,10,7.05,4291899.0,0
424210.0,19,6.61,6508315.0,0
68900.0,18,4.63,2213975.0,0
652040.0,17,14.48,3066186.0,0
17444.0,9,11.13,1564707.0,0
56728.0,20,7.72,3925234.0,0
21043.0,14,10.49,1889386.0,0
58866.0,14,10.37,3918758.0,0
21999.0,17,11.62,2396338.0,0
86222.0,6,8.84,2542106.0,0
68964.0,13,5.03,3167592.0,0
69075.0,13,1.37,1857232.0,0
58390.0,8,24.37,1933142.0,0
13892.0,18,14.28,1982186.0,0
45904.0,12,12.63,2072299.0,0
31689.0,5,10.5,3923840.0,0
19345.0,10,4.52,2251211.0,0
23492.0,21,7.33,2031948.0,0
61411.0,9,11.64,4370045.0,0
95027.0,13,5.29,4066469.0,0
45503.0,8,1.71,2550865.0,0
189843.0,7,4.32,10754461.0,0
47599.0,18,3.62,1563814.0,0
206970.0,16,10.61,6718466.0,0
114311.0,15,8.71,3201965.0,0
66509.0,22,10.27,4823432.0,0
8380.0,16,5.76,2353514.0,0
24557.0,9,12.97,5272254.0,0
36248.0,14,9.02,1615033.0,0
38616.0,16,12.86,4302321.0,0
71947.0,12,7.77,3201134.0,0
327067.0,22,2.88,4554453.0,0
54448.0,21,7.75,2127857.0,0
25860.0,14,2.08,3501653.0,0
25463.0,11,10.85,1805522.0,0
34323.0,15,18.77,2280481.0,0
48553.0,13,1.85,2423613.0,0
7270.0,9,6.21,1991097.0,0
68934.0,13,7.8,2121083.0,0
10260.0,18,3.31,1418638.0,0
56384.0,15,3.35,2593136.0,0
124775.0,14,12.44,6159515.0,0
270855.0,9,1.94,13218437.0,0
269472.0,19,23.83,1754422.0,0
21006.0,10,5.62,1833260.0,0
114057.0,9,5.91,3341701.0,0
88627.0,17,5.7,3659962.0,0
98590.0,17,8.71,1368032.0,0
8531.0,8,0.92,900000.0,0
162297.0,18,9.67,3208834.0,0
67641.0,16,10.17,5797039.0,0
19660.0,11,4.5,6076753.0,0
7584.0,8,0.38,2771935.0,1
247685.0,9,5.76,5979131.0,0
18422.0,12,1.65,2537988.0,0
49642.0,11,0.74,1293199.0,0
148587.0,8,8.16,2588383.0,0
239302.0,13,1.81,4918926.0,0
728442.0,10,21.85,2992549.0,0
34222.0,17,5.83,2041291.0,0
381703.0,18,6.21,2870348.0,0
103856.0,17,3.59,3352280.0,0
37695.0,5,3.55,3007516.0,0
49028.0,7,11.44,3292467.0,0
59871.0,13,15.47,3430504.0,0
59006.0,11,2.69,5014226.0,0
84403.0,15,2.4,2998653.0,0
65053.0,14,21.65,2565066.0,0
16345.0,14,6.09,3396228.0,0
64342.0,10,5.16,3859500.0,1
7823.0,9,2.62,1070871.0,0
147326.0,12,3.65,5238666.0,0
262354.0,8,5.21,7087894.0,0
210754.0,17,6.05,2829834.0,0
145350.0,8,21.3,3910839.0,0
155208.0,12,9.3,1859603.0,0
75918.0,11,4.42,4040205.0,0
12941.0,9,2.31,1749073.0,0
145937.0,11,16.12,3082870.0,0
181839.0,16,2.44,3830908.0,0
41648.0,13,7.72,1811982.0,0
229266.0,11,2.77,1518928.0,0
23108.0,18,5.84,2309617.0,0
59765.0,12,4.42,2047821.0,0
27668.0,1,3.27,2337485.0,1
12891.0,13,5.04,1525593.0,0
129976.0,20,4.9,5063964.0,0
28967.0,13,1.78,2405739.0,0
395012.0,6,13.08,3557525.0,0
15855.0,17,8.41,1141397.0,0
64130.0,14,4.82,2020707.0,0
296160.0,8,9.26,6709009.0,0
38950.0,15,14.72,1722797.0,0
344250.0,16,13.62,3262924.0,0
303698.0,18,14.22,8802951.0,0
24371.0,12,6.45,2786949.0,0
322552.0,19,6.45,6381894.0,0
19516.0,13,15.93,1704393.0,0
19769.0,16,2.91,2144299.0,0
70452.0,18,1.61,2698429.0,0
21198.0,21,3.26,2071502.0,0
67446.0,17,3.1,3366368.0,0
5625.0,20,1.64,1050155.0,0
206789.0,9,29.68,1555764.0,0
192818.0,10,4.92,5723603.0,0
76948.0,13,14.21,2976362.0,0
151327.0,17,10.74,3642334.0,0
716933.0,11,2.19,7024152.0,0
12677.0,17,7.36,1066603.0,0
30624.0,8,1.16,900000.0,0
881956.0,15,20.57,7371421.0,0
5000.0,9,4.82,1309710.0,0
136755.0,13,13.95,2905446.0,0
23435.0,22,6.18,1135585.0,0
17776.0,10,1.24,900000.0,0
16236.0,14,18.81,2656716.0,0
146051.0,23,3.72,3578031.0,0
66084.0,16,2.69,1758777.0,0
72847.0,0,11.42,900000.0,0
151396.0,11,3.48,3272312.0,0
141797.0,19,3.63,7850297.0,0
15285.0,6,7.53,1066586.0,0
134052.0,8,25.43,4202202.0,0
21059.0,19,6.85,3213871.0,0
5532.0,20,3.4,997396.0,0
252482.0,10,16.0,4809036.0,0
40693.0,0,4.83,3054386.0,0
20287.0,3,2.12,2554173.0,0
208849.0,16,5.05,5573072.0,0
25927.0,12,10.99,2811657.0,0
157055.0,7,6.41,5583422.0,0
135517.0,10,11.8,11676129.0,0
37254.0,10,7.36,3115706.0,0
53063.0,21,0.73,3530258.0,0
19753.0,18,7.55,2026210.0,0
52590.0,14,6.24,6464484.0,0
51425.0,16,9.13,1416041.0,0
164620.0,20,8.85,2102684.0,1
39557.0,14,5.89,2704382.0,0
43825.0,12,8.04,2532255.0,0
33126.0,9,7.19,1891286.0,0
28952.0,8,9.54,4536127.0,0
271867.0,7,12.24,2360248.0,0
12653.0,14,6.61,900000.0,0
23513.0,17,6.25,5300257.0,0
69836.0,13,8.27,7253256.0,0
49952.0,15,8.54,2059733.0,0
47358.0,18,2.49,5908639.0,0
119095.0,16,23.37,2087972.0,0
12830.0,20,2.86,1620881.0,0
299630.0,14,3.03,1686327.0,0
188071.0,13,10.87,6890213.0,0
105993.0,8,8.78,5940491.0,0
171264.0,16,5.26,4104158.0,0
31166.0,23,2.57,1605085.0,0
132588.0,9,17.96,4346556.0,0
20642.0,9,1.26,1540757.0,0
215092.0,13,5.08,3949436.0,0
77112.0,19,11.6,2074165.0,0
88370.0,20,12.6,2046986.0,0
29766.0,18,6.21,2100237.0,0
16939.0,6,7.78,900000.0,0
5000.0,13,4.21,1066122.0,0
82343.0,9,17.72,2578143.0,0
19338.0,20,4.02,1550493.0,0
231286.0,13,3.19,4400863.0,0
154313.0,8,6.4,5342625.0,0
16627.0,18,12.45,1187382.0,0
34094.0,14,4.45,1221926.0,0
184452.0,18,0.67,2550083.0,0
942025.0,17,10.01,8157622.0,0
25291.0,0,4.74,1813353.0,0
189261.0,14,4.37,3673677.0,0
28012.0,11,5.17,1124483.0,0
32754.0,9,21.16,1690360.0,0
120722.0,9,13.69,3629404.0,0
356808.0,17,5.35,2431053.0,0
29331.0,20,8.53,3652693.0,0
52790.0,20,13.49,2968769.0,0
77314.0,17,8.74,2749457.0,0
17446.0,15,9.75,2715881.0,0
87982.0,5,8.98,5883561.0,0
17843.0,13,9.82,2667997.0,0
119086.0,12,5.98,4437702.0,0
42269.0,16,1.87,2385713.0,0
189563.0,13,17.67,2902732.0,0
74090.0,8,3.19,1528607.0,0
12279.0,14,5.75,900000.0,0
34770.0,7,4.75,2179744.0,0
45694.0,9,13.19,2901400.0,0
43787.0,10,5.11,2112491.0,0
65470.0,20,10.32,3699876.0,0
51137.0,6,3.76,1767125.0,0
66695.0,22,7.86,1273586.0,0
34365.0,18,22.62,1217272.0,0
150751.0,20,11.13,3922923.0,0
99412.0,16,5.41,1733603.0,0
294691.0,13,4.17,2740332.0,0
209843.0,18,3.4,1252824.0,0
14389.0,23,9.24,1687834.0,0
41541.0,17,0.24,2680947.0,0
210141.0,5,0.89,4901644.0,0
53769.0,12,3.59,1502504.0,0
60710.0,20,9.32,1214774.0,0
19350.0,11,5.38,2676222.0,0
47603.0,6,3.32,2928734.0,0
16196.0,14,5.34,2118125.0,0
74098.0,0,9.13,5253774.0,0
29534.0,13,3.72,1043450.0,0
10107.0,10,4.58,1706125.0,0
115551.0,14,2.51,2683249.0,0
303912.0,10,8.69,1655641.0,0
320118.0,14,4.25,3223769.0,0
149496.0,17,12.13,2686486.0,0
44642.0,7,13.26,2335607.0,0
97950.0,10,2.65,10088375.0,0
276946.0,7,7.17,1552437.0,0
15151.0,22,8.86,2318117.0,0
424189.0,8,1.61,3505500.0,0
46470.0,20,5.76,1770564.0,0
17760.0,2,15.12,2885462.0,0
152074.0,13,2.87,4285499.0,0
2794086.0,16,8.16,3017078.0,0
234502.0,7,3.45,4029921.0,0
53555.0,8,8.71,2179098.0,0
19306.0,16,4.6,2320143.0,0
593816.0,9,6.92,7715863.0,0
111248.0,8,28.19,3477772.0,0
566209.0,16,9.01,4562233.0,0
57222.0,4,9.04,1872245.0,0
202228.0,12,3.6,2378319.0,0
18236.0,8,1.99,5089953.0,0
9548.0,13,11.33,2823130.0,0
7758.0,19,5.55,1355123.0,0
76960.0,10,3.57,1636899.0,0
385914.0,12,9.07,2587512.0,0
5000.0,11,2.64,6369404.0,0
518552.0,12,9.69,3604750.0,0
129699.0,12,1.23,1767277.0,0
36297.0,21,4.5,2664318.0,0
100013.0,17,10.5,2789002.0,0
198700.0,19,8.11,1072626.0,0
20479.0,16,3.11,2645331.0,0
10939.0,9,0.9,2222624.0,0
74820.0,19,5.42,2480948.0,0
46484.0,11,7.81,1647783.0,0
36142.0,20,6.32,3314230.0,0
202970.0,9,2.88,2148795.0,0
5560.0,20,7.26,1763042.0,0
135877.0,9,0.83,7477146.0,0
127053.0,18,10.04,2196155.0,0
20857.0,20,5.33,1273161.0,0
300850.0,14,16.18,5281620.0,0
146828.0,16,3.78,5867075.0,0
44073.0,6,12.03,1586874.0,0
164557.0,12,14.46,2125631.0,0
29396.0,12,5.51,2443631.0,0
136130.0,22,6.3,2159752.0,0
26517.0,15,3.66,1257535.0,0
37083.0,8,10.03,1486656.0,0
413484.0,14,8.9,8727725.0,0
68712.0,7,2.66,1923535.0,0
20327.0,19,4.7,2006569.0,0
57353.0,12,15.54,4112649.0,0
109549.0,18,12.59,2062727.0,0
68047.0,14,6.58,1857300.0,0
155427.0,15,11.56,1509031.0,0
191286.0,20,6.6,3595396.0,0
109063.0,10,2.35,3000384.0,0
96515.0,8,7.83,4966124.0,0
7850.0,9,20.94,2120354.0,0
333339.0,18,6.78,5487074.0,0
75313.0,9,8.72,2914726.0,0
180061.0,6,4.31,2002712.0,0
248970.0,7,11.08,3448659.0,0
162324.0,20,4.31,3246614.0,0
95881.0,11,4.22,3122142.0,0
78420.0,8,1.68,1771914.0,0
157580.0,8,17.79,2539095.0,0
5000.0,18,4.05,2409387.0,0
93633.0,15,9.89,4014230.0,0
185506.0,12,19.63,5439182.0,0
95318.0,9,4.15,4241239.0,0
352200.0,9,5.92,4049257.0,0
72604.0,11,17.14,4929396.0,0
158468.0,21,1.08,5291548.0,0
39967.0,9,4.88,2169579.0,0
57395.0,10,4.85,1415773.0,0
62884.0,14,10.64,2935893.0,0
85791.0,14,4.46,6166774.0,0
48946.0,11,7.14,1349334.0,0
5000.0,13,3.32,1587997.0,0
44508.0,17,10.92,2782759.0,0
98476.0,17,7.7,1983906.0,0
42354.0,16,2.73,4646580.0,0
116174.0,20,23.35,2810390.0,0
71962.0,5,7.66,4277527.0,1
77857.0,8,4.32,3174655.0,0
97287.0,8,4.83,3366807.0,0
19697.0,9,6.12,1409474.0,0
12807.0,17,15.06,1888355.0,0
91569.0,21,8.57,914586.0,0
116893.0,12,9.59,1763589.0,0
95940.0,20,6.54,1993628.0,0
104314.0,17,3.3,3253463.0,0
49123.0,4,18.16,1430923.0,0
136050.0,8,4.28,7159080.0,0
122922.0,8,9.04,5272223.0,0
151506.0,19,5.86,1540803.0,0
55058.0,10,1.39,980649.0,0
12822.0,12,11.9,1117799.0,0
32143.0,10,11.66,3194149.0,0
17299.0,12,8.9,1366513.0,0
176151.0,10,2.8,2299196.0,0
536107.0,8,12.22,3675212.0,0
32879.0,13,13.19,3346682.0,0
192378.0,16,14.34,4043914.0,0
11725.0,23,7.08,1329691.0,0
45551.0,8,7.25,3879375.0,0
42699.0,11,15.57,3950478.0,0
931966.0,10,2.17,4555008.0,0
660744.0,19,10.92,4257601.0,0
29621.0,9,11.34,1341550.0,0
14769.0,11,5.89,900000.0,0
42584.0,13,5.03,3308315.0,0
189289.0,7,4.03,6512998.0,0
61984.0,23,0.62,1771993.0,0
135446.0,12,9.29,1761624.0,0
98783.0,14,3.33,2980347.0,0
96907.0,10,19.29,4911094.0,0
223617.0,7,5.75,4057275.0,0
34229.0,15,7.94,1414592.0,0
35998.0,15,5.74,2134686.0,0
36066.0,18,7.87,1989412.0,0
630527.0,11,12.51,3718488.0,0
129481.0,15,13.87,4110561.0,0
51597.0,17,6.36,1670870.0,0
11633.0,16,15.68,1739161.0,0
148966.0,19,2.52,3181463.0,0
110354.0,8,6.92,2409510.0,0
26685.0,15,11.48,1779789.0,0
389310.0,7,4.54,2119629.0,0
267072.0,14,7.14,3787369.0,0
9774.0,7,1.56,2239901.0,0
16825.0,11,4.07,2544514.0,1
21004.0,14,7.57,1776039.0,0
92683.0,12,2.96,3772181.0,0
80949.0,6,25.08,2045407.0,0
199918.0,12,1.58,3144239.0,0
96770.0,17,6.55,2987551.0,0
76946.0,7,11.87,2197732.0,0
98203.0,16,2.16,1719179.0,0
161645.0,11,13.69,2608565.0,0
70845.0,7,10.03,2298552.0,0
388884.0,13,9.84,4752176.0,0
86106.0,7,13.24,1708180.0,0
94900.0,17,7.95,4130939.0,0
96173.0,9,8.42,5294828.0,0
211793.0,13,8.19,3915650.0,0
50285.0,10,3.42,4109361.0,0
80804.0,16,6.3,2377925.0,0
79650.0,8,2.09,3508747.0,0
279002.0,21,1.79,3527457.0,0
39681.0,8,6.81,1132499.0,0
54943.0,15,4.55,2299085.0,0
16213.0,11,2.09,1416171.0,0
18086.0,14,16.63,989167.0,0
309564.0,18,4.02,2724291.0,0
52408.0,8,6.55,3513920.0,0
53505.0,5,7.92,1917468.0,0
58464.0,21,3.69,3676084.0,0
90566.0,0,4.1,3789815.0,0
388559.0,16,6.41,2922258.0,0
16470.0,14,11.11,2113663.0,0
54453.0,17,6.41,4021052.0,0
70204.0,8,3.16,7331457.0,0
25583.0,18,1.85,901667.0,0
158653.0,18,7.83,4158539.0,0
13537.0,12,1.96,1476200.0,0
47296.0,8,1.34,4439447.0,0
113318.0,8,2.84,4820379.0,0
88180.0,5,10.79,2234682.0,0
22527.0,9,2.01,2203044.0,0
41884.0,20,4.93,2766751.0,0
30929.0,16,6.46,2988278.0,0
14107.0,13,0.83,2504175.0,0
90496.0,11,13.61,5236123.0,0
5000.0,7,11.82,1181584.0,0
46515.0,16,7.73,2123285.0,0
79559.0,12,8.52,4004642.0,0
92426.0,12,4.55,2390307.0,0
65407.0,11,1.89,2441990.0,0
25447.0,17,2.65,2371397.0,0
92798.0,10,17.33,4724687.0,0
53435.0,10,7.79,4101771.0,0
23632.0,11,7.26,1350238.0,0
17199.0,7,16.48,1497181.0,0
50188.0,20,1.82,2228779.0,0
99072.0,16,6.7,2595225.0,0
116306.0,18,11.37,4609993.0,0
36306.0,7,8.13,2625262.0,0
189090.0,14,9.16,5792243.0,0
71576.0,1,8.37,7810665.0,0
100595.0,7,5.36,1737266.0,0
141597.0,7,1.5,3077321.0,0
321080.0,13,1.21,4941438.0,0
42991.0,18,19.51,3189564.0,0
57321.0,15,9.35,3391503.0,0
22268.0,11,2.01,2183569.0,0
76449.0,14,2.42,2073510.0,0
85213.0,20,6.63,3144880.0,0
117146.0,9,2.64,4860986.0,0
40778.0,11,2.92,1577731.0,0
47076.0,19,9.4,2600729.0,0
111675.0,11,10.01,7576969.0,0
8853.0,10,17.46,2528561.0,0
85724.0,9,7.04,3087009.0,0
176428.0,13,2.17,4373498.0,0
32834.0,16,8.24,3861586.0,0
152384.0,7,5.42,2585577.0,0
24264.0,6,2.98,2500083.0,0
91967.0,18,5.93,6523459.0,0
8182.0,17,5.95,1677314.0,0
25191.0,8,9.5,1339362.0,0
57821.0,20,10.56,5203373.0,0
240523.0,10,9.2,5651136.0,0
65174.0,10,4.88,1661341.0,0
140901.0,16,3.79,4589410.0,0
72461.0,20,4.02,3460828.0,0
69193.0,14,15.3,2669975.0,0
138639.0,16,5.55,3020749.0,0
89111.0,13,3.44,7872752.0,0
159973.0,13,7.15,4300967.0,0
77210.0,20,5.25,3954484.0,0
33474.0,9,1.95,3814614.0,0
41484.0,21,4.82,2065015.0,0
52441.0,12,16.62,2407979.0,0
285506.0,18,7.78,2649011.0,0
36845.0,18,2.41,1768394.0,0
238577.0,15,7.29,3838265.0,0
605879.0,6,11.07,5403386.0,0
97052.0,19,5.26,2723808.0,0
70894.0,14,1.94,1829403.0,0
50186.0,2,11.96,1859163.0,0
81468.0,8,3.36,6905400.0,0
104375.0,20,6.37,2079339.0,0
116964.0,22,5.3,1466059.0,0
8870.0,8,4.38,1266673.0,0
11380.0,18,1.01,2212848.0,0
334990.0,9,5.02,5600444.0,0
72454.0,20,3.99,5710704.0,0
118806.0,11,6.63,3974409.0,0
67141.0,18,13.66,1912035.0,0
29023.0,9,14.66,4523461.0,0
23921.0,20,18.36,2583840.0,0
109045.0,15,11.42,4024584.0,0
297554.0,10,15.06,9545954.0,0
101963.0,14,16.94,2546282.0,0
8072.0,22,13.51,1363687.0,0
229009.0,11,22.33,8252157.0,0
64165.0,19,2.1,2647823.0,0
89761.0,15,4.46,2620572.0,0
39878.0,2,2.56,1176120.0,0
115238.0,14,8.81,4376862.0,0
362297.0,16,7.84,5187381.0,0
141204.0,14,15.11,3347179.0,0
988551.0,19,3.26,5316140.0,0
56247.0,11,6.04,2344354.0,0
65707.0,16,11.53,6131833.0,0
217256.0,20,7.8,4475344.0,0
203607.0,9,3.3,7720155.0,0
28315.0,8,3.05,1166784.0,0
213703.0,14,8.48,1470832.0,0
171324.0,18,7.44,4775914.0,0
63444.0,9,13.78,3605342.0,0
35923.0,20,7.84,1770966.0,0
85166.0,16,1.81,3093706.0,0
144284.0,16,8.79,4902444.0,0
58334.0,19,1.64,5511218.0,0
32586.0,21,7.75,3413147.0,0
64155.0,9,14.8,3109431.0,0
98948.0,19,4.02,3827756.0,0
71396.0,14,4.42,2880197.0,0
126679.0,21,17.46,8460521.0,0
16038.0,7,3.06,2337359.0,0
84580.0,18,5.99,2983080.0,0
128934.0,9,12.57,2661628.0,0
234567.0,8,15.9,6939711.0,0
51245.0,21,4.1,2203695.0,0
126908.0,0,1.62,4803362.0,0
104352.0,14,3.44,2861387.0,0
19398.0,17,11.88,2298771.0,1
21505.0,10,13.62,935015.0,0
645934.0,10,8.08,2849023.0,0
40973.0,11,3.41,7410520.0,0
143084.0,14,4.12,2006325.0,0
17705.0,16,13.73,900000.0,0
276296.0,8,6.51,3450289.0,0
81627.0,12,5.37,1513871.0,0
91843.0,12,2.73,1097042.0,0
33562.0,18,7.58,2181634.0,0
10428.0,20,9.61,1388916.0,0
58495.0,18,4.4,5151734.0,0
81729.0,13,16.29,3240755.0,0
69532.0,18,6.19,4046291.0,0
108947.0,11,3.79,2028386.0,0
111730.0,18,17.44,2708042.0,0
25676.0,12,11.99,2101421.0,0
59029.0,13,6.44,3291384.0,0
5000.0,8,11.5,900000.0,0
83390.0,9,14.8,2760201.0,0
145889.0,15,14.75,4951952.0,0
212636.0,14,5.9,7154820.0,0
30052.0,12,10.34,4428807.0,0
25915.0,17,0.68,3033383.0,0
91564.0,23,11.68,1096489.0,0
69023.0,15,12.33,3042736.0,0
33709.0,9,11.86,950009.0,0
161484.0,14,16.82,1706247.0,0
93169.0,10,3.81,2489042.0,0
31247.0,17,6.19,2400546.0,0
66653.0,8,1.14,4540118.0,0
23366.0,13,1.43,2388802.0,0
32013.0,13,15.14,1392731.0,0
67110.0,13,7.84,2132422.0,0
696821.0,16,17.74,1834373.0,0
81697.0,9,9.97,5053754.0,0
17791.0,15,1.27,1239086.0,0
15218.0,11,5.57,2124175.0,0
85626.0,18,4.54,4601625.0,0
20876.0,15,17.93,1734348.0,0
133384.0,22,6.43,3431578.0,0
102430.0,10,1.53,2825532.0,0
21055.0,6,10.65,2304175.0,0
11676.0,15,8.29,1057173.0,1
67333.0,9,11.94,2826853.0,0
131901.0,10,12.99,2089010.0,0
11608.0,20,9.99,3247567.0,0
58064.0,8,14.18,1247696.0,0
27159.0,14,2.77,3710919.0,0
61561.0,8,10.77,3998474.0,0
31982.0,14,1.21,6019948.0,0
137870.0,7,9.77,2133043.0,0
158473.0,18,11.19,1897736.0,0
98536.0,16,3.28,4578084.0,0
212389.0,14,8.96,1565459.0,0
56283.0,15,3.49,1736797.0,0
72449.0,21,5.0,2350542.0,0
18544.0,2,11.83,1492465.0,0
94447.0,14,16.08,6153346.0,0
67262.0,9,4.7,4729945.0,0
23759.0,8,1.84,900000.0,0
54987.0,15,1.37,900000.0,0
51861.0,9,10.95,1953479.0,0
43211.0,6,10.71,3677548.0,0
286113.0,19,9.39,4068438.0,0
254756.0,11,8.91,6073542.0,0
528488.0,12,4.44,3271174.0,0
23225.0,21,12.53,1553251.0,0
199213.0,18,7.01,3523499.0,0
142145.0,9,5.92,1479267.0,0
39068.0,14,2.15,1765501.0,0
24188.0,14,0.17,1155577.0,0
57685.0,20,0.56,1702947.0,0
43168.0,17,3.79,1984334.0,0
118161.0,13,9.04,2039393.0,0
441991.0,20,1.47,7410820.0,0
146812.0,12,2.91,2952159.0,0
70572.0,11,3.66,3390070.0,0
90411.0,12,13.61,3050996.0,0
234656.0,9,1.37,6690106.0,0
49256.0,13,8.65,1659135.0,0
177682.0,15,2.06,4230016.0,0
29880.0,8,2.79,1749587.0,0
70959.0,23,9.94,2594343.0,0
89209.0,2,9.81,3676276.0,0
26401.0,9,6.37,1332394.0,0
167911.0,6,1.9,2263727.0,0
341450.0,23,1.65,2808772.0,0
433101.0,17,2.7,3695432.0,0
73479.0,9,6.7,2475358.0,0
114772.0,13,14.24,13205332.0,0
84271.0,14,8.42,7882967.0,0
22320.0,20,12.69,900000.0,0
62559.0,9,2.78,2987584.0,0
48661.0,14,13.25,3797284.0,0
397385.0,13,11.33,3379572.0,0
70749.0,11,5.54,6016072.0,0
5799.0,14,7.58,900000.0,0
130079.0,20,19.67,1550541.0,0
122857.0,16,9.9,6539922.0,0
250271.0,13,3.96,5462126.0,0
216575.0,9,2.59,9841733.0,0
315818.0,9,4.53,6957288.0,0
7245.0,14,8.18,1382048.0,0
104429.0,13,18.96,4947148.0,0
67465.0,19,2.54,2396705.0,0
123762.0,15,7.76,3140659.0,0
44353.0,10,13.67,2887649.0,0
102482.0,18,2.8,2166120.0,0
148342.0,11,1.04,2122770.0,0
174938.0,13,0.11,4288175.0,0
120125.0,9,7.95,2075592.0,0
29454.0,12,2.06,3152637.0,0
61836.0,7,26.71,3656312.0,0
179992.0,21,2.71,2088229.0,0
126448.0,11,9.61,2393279.0,0
31011.0,12,13.93,5273492.0,0
15443.0,13,12.66,1099303.0,0
191423.0,9,21.67,1934127.0,0
13441.0,13,9.03,1341022.0,0
73585.0,23,4.75,3155002.0,0
84259.0,14,8.26,12388141.0,1
58576.0,13,24.69,1424438.0,0
243993.0,7,9.21,5497638.0,0
481446.0,9,16.72,6115508.0,0
46527.0,7,4.17,900000.0,0
9276.0,10,8.93,1338352.0,0
28147.0,12,6.59,2767610.0,0
42735.0,16,14.02,1626559.0,0
69958.0,19,4.85,3262845.0,0
125577.0,13,11.41,5936035.0,0
47535.0,13,3.84,4125143.0,0
123011.0,8,22.19,2512784.0,0
322397.0,21,2.4,3825396.0,0
27704.0,11,21.75,3397771.0,0
22099.0,9,11.66,1394587.0,0
54763.0,8,7.34,2010708.0,0
172118.0,16,7.22,3621634.0,0
83491.0,13,2.77,2696500.0,0
121865.0,10,8.38,3343370.0,0
57903.0,14,2.1,4568409.0,0
12954.0,9,14.51,900000.0,0
305474.0,19,7.98,6325302.0,0
77482.0,8,4.36,980578.0,0
771216.0,12,1.59,2818001.0,0
237882.0,18,18.48,3045981.0,0
89223.0,9,11.72,2583509.0,0
55508.0,18,5.59,3104548.0,0
59340.0,18,7.72,2054435.0,0
21976.0,11,3.61,1872833.0,0
52993.0,12,9.52,2642065.0,0
220554.0,9,6.25,3076674.0,0
62372.0,10,18.51,1915564.0,0
156764.0,13,7.82,3332418.0,0
10065.0,12,14.41,1735914.0,0
86881.0,8,4.67,2020587.0,0
28613.0,18,11.63,2443477.0,0
159732.0,16,5.46,3564250.0,0
47986.0,9,1.66,2348598.0,0
103292.0,16,8.65,3454922.0,0
127326.0,7,12.97,6757789.0,0
78190.0,7,7.34,2141732.0,0
76384.0,15,10.64,5694018.0,0
5065.0,17,6.7,1344328.0,0
35610.0,11,3.3,3970450.0,0
302112.0,14,3.15,2500887.0,0
48441.0,18,4.1,8869659.0,0
91369.0,14,3.47,2101436.0,0
177954.0,22,13.1,1758159.0,0
114202.0,5,10.1,4959704.0,0
107849.0,17,2.69,3483542.0,0
21954.0,12,14.17,2896220.0,0
18954.0,12,5.82,900000.0,0
58390.0,16,11.42,3449029.0,0
140775.0,22,3.2,2614429.0,0
52289.0,10,12.72,2904824.0,0
18169.0,7,3.11,1804385.0,0
184053.0,18,5.31,5675198.0,0
84781.0,10,16.76,2744638.0,0
133171.0,11,5.23,2415024.0,0
53772.0,10,4.97,1172195.0,0
94122.0,5,7.07,2475026.0,0
43849.0,7,0.86,1511187.0,0
764987.0,7,8.6,5846192.0,0
47641.0,1,2.76,3157377.0,0
99607.0,8,4.71,1973696.0,0
82938.0,15,2.35,2489615.0,0
145524.0,13,0.71,6110939.0,0
77178.0,5,1.16,2971267.0,0
45535.0,19,4.29,2731009.0,0
54311.0,21,1.97,7637538.0,0
85880.0,19,6.7,3372354.0,0
85806.0,10,5.19,4523635.0,0
37630.0,10,8.54,2266396.0,0
87682.0,15,3.36,2230193.0,0
151425.0,17,3.53,4373652.0,0
106647.0,15,2.36,2678551.0,0
49590.0,11,17.4,3349567.0,0
24477.0,20,3.4,2653094.0,0
10958.0,16,2.56,2749526.0,0
18605.0,16,9.45,2554902.0,0
53544.0,12,8.98,1333857.0,0
45374.0,9,0.45,5632588.0,0
139296.0,16,4.8,1977223.0,0
69275.0,7,6.38,1423600.0,0
54580.0,10,4.32,2873591.0,0
30232.0,3,14.1,1916095.0,0
86858.0,7,4.93,5500571.0,0
90597.0,19,18.43,3910019.0,0
90324.0,18,4.4,1990645.0,0
192518.0,8,4.16,1689728.0,0
87207.0,9,18.2,3916234.0,0
39617.0,11,11.65,1874752.0,0
44273.0,5,3.41,1294035.0,0
65930.0,10,4.33,1102496.0,0
298987.0,4,2.29,4054497.0,0
16139.0,10,21.59,1164863.0,0
40104.0,9,6.7,1436297.0,0
77519.0,19,1.66,4014442.0,0
388020.0,9,9.04,4274871.0,0
64839.0,10,1.56,1443016.0,0
79369.0,13,4.8,1961928.0,0
59182.0,14,3.23,4691509.0,0
22899.0,13,1.49,3081345.0,0
29046.0,12,11.39,2127575.0,0
38849.0,10,4.28,2927251.0,0
369104.0,9,5.91,3452398.0,0
27855.0,14,1.96,1497730.0,0
55813.0,17,18.25,1568919.0,0
110569.0,10,9.93,5062910.0,0
197410.0,21,6.77,7203398.0,0
186784.0,23,5.7,4517805.0,0
74306.0,7,17.79,2476281.0,0
12163.0,12,8.58,1890214.0,0
288858.0,22,0.71,2837737.0,0
177212.0,12,3.46,4900321.0,0
68976.0,18,0.79,5496188.0,0
26980.0,9,7.3,2735813.0,0
72172.0,10,7.02,3429726.0,0
27835.0,16,5.48,1244046.0,0
257918.0,11,4.26,2553751.0,0
483071.0,12,9.15,6145584.0,0
85053.0,9,2.88,2547767.0,0
252519.0,2,7.5,3538488.0,0
46293.0,16,7.48,4508186.0,0
36442.0,13,4.23,4316260.0,0
101296.0,9,11.24,2905003.0,0
64443.0,20,8.85,2021871.0,0
5000.0,5,6.2,900000.0,0
278354.0,17,9.29,1455096.0,0
129068.0,12,2.21,2322417.0,0
60542.0,20,6.91,4079229.0,0
312492.0,18,3.1,3079745.0,0
206260.0,7,4.12,5160379.0,0
43910.0,22,3.34,1409052.0,0
43229.0,10,13.6,1036339.0,0
24969.0,5,20.23,3828520.0,1
385397.0,8,8.97,7318264.0,0
72194.0,12,6.7,3067506.0,0
41019.0,16,3.48,2037760.0,0
85702.0,12,9.33,4477685.0,0
321011.0,13,34.95,5964272.0,0
5351.0,9,14.07,1413685.0,0
27652.0,19,8.94,2281277.0,0
450439.0,12,3.87,4790569.0,0
73248.0,10,2.05,3153835.0,0
56997.0,15,3.12,1779169.0,0
293951.0,14,7.47,2340032.0,0
98490.0,10,11.33,1696851.0,0
28911.0,9,0.82,1236706.0,0
91758.0,14,9.89,3272913.0,0
37757.0,14,6.77,1354176.0,0
84122.0,20,11.35,2578656.0,0
52012.0,9,3.62,1647680.0,0
128042.0,11,3.42,3485156.0,0
20325.0,14,5.02,2257292.0,0
152367.0,14,2.31,2379687.0,0
107640.0,11,12.2,1176282.0,0
96896.0,20,18.27,3108303.0,0
29903.0,6,9.99,2148198.0,0
68428.0,11,12.42,1761418.0,0
45283.0,16,7.94,3426696.0,0
339454.0,9,6.1,4471888.0,0
214280.0,20,4.61,6839885.0,0
242563.0,10,17.85,3021698.0,0
58745.0,6,5.68,3087999.0,0
221715.0,9,6.84,1627487.0,0
29903.0,17,1.78,1881741.0,0
195661.0,21,12.33,5150741.0,0
174274.0,22,14.25,2134428.0,0
320276.0,18,4.6,7364783.0,0
162308.0,14,8.2,1391567.0,0
26113.0,11,2.77,2523256.0,0
64668.0,9,11.36,2481312.0,0
75184.0,12,1.62,1910235.0,0
46230.0,13,9.73,2336790.0,0
132324.0,6,2.95,2489520.0,0
20416.0,9,1.36,3037239.0,0
30959.0,21,26.33,2640358.0,0
258415.0,11,4.96,4891318.0,0
212971.0,7,4.48,10865392.0,0
22583.0,6,4.08,4174580.0,0
123373.0,15,6.45,3456144.0,0
8117.0,8,12.62,1616033.0,0
9497.0,14,3.44,2063736.0,0
26992.0,22,6.92,1097371.0,0
109017.0,17,14.94,3634939.0,0
44695.0,16,11.97,1237773.0,0
169892.0,22,7.2,4057089.0,0
73022.0,9,1.44,1843823.0,0
254978.0,10,4.12,3402655.0,0
118014.0,16,2.44,3720702.0,0
13774.0,19,2.89,992584.0,0
51320.0,14,11.92,1808046.0,0
33734.0,11,6.3,3407884.0,0
10720.0,12,16.99,3641796.0,0
63596.0,16,12.85,4344268.0,0
233393.0,21,4.1,2319599.0,0
28710.0,7,7.34,2660746.0,0
110664.0,21,1.63,7472029.0,0
70382.0,8,5.72,3124321.0,0
174272.0,8,20.91,4401252.0,0
157030.0,12,7.78,2422630.0,0
121789.0,8,4.12,1223941.0,0
190677.0,14,4.39,3618868.0,0
39716.0,12,7.61,3779695.0,0
167848.0,10,10.33,4703415.0,0
95250.0,19,5.84,1707481.0,0
263005.0,12,1.94,1898316.0,0
236637.0,17,5.68,900000.0,0
98355.0,10,2.11,3811604.0,1
237866.0,17,6.95,4379546.0,0
52628.0,6,10.33,1934907.0,0
114755.0,15,5.45,2197204.0,0
74666.0,16,6.66,2487642.0,0
207325.0,12,6.81,6714667.0,0
33662.0,18,17.62,4611080.0,0
102329.0,15,3.2,5241680.0,1
90219.0,10,3.11,2582264.0,0
16836.0,17,7.15,2192524.0,0
18563.0,11,6.28,5130391.0,0
25661.0,11,14.93,1124944.0,0
111197.0,12,7.59,3711886.0,0
54281.0,17,3.89,1370064.0,0
222669.0,16,6.7,4311894.0,0
300283.0,14,4.53,3701909.0,0
7495.0,21,5.18,1717128.0,0
119513.0,15,18.05,3157016.0,0
30317.0,12,9.82,1500375.0,0
29496.0,18,26.44,1571812.0,0
81863.0,15,3.54,2252266.0,0
16240.0,17,14.39,1839666.0,0
208309.0,15,7.73,4814714.0,1
782087.0,19,3.95,8808250.0,0
58131.0,21,6.37,2801043.0,0
410797.0,22,10.53,2787550.0,1
32379.0,17,1.54,4209444.0,0
37197.0,19,1.69,2342152.0,0
177616.0,10,15.98,3575364.0,0
43156.0,18,2.64,991089.0,0
23520.0,20,0.58,1902328.0,0
17990.0,12,4.85,1192480.0,0
62411.0,8,0.99,972787.0,0
19638.0,9,6.49,4692787.0,0
77169.0,13,10.78,2355535.0,0
351763.0,8,2.81,6588627.0,0
20546.0,17,13.69,6361509.0,0
84994.0,9,3.89,2684217.0,0
137454.0,7,27.16,2209910.0,0
16348.0,13,10.1,1834199.0,0
17196.0,11,20.72,900000.0,0
14359.0,6,8.18,2070588.0,0
16489.0,12,8.88,2388505.0,0
48157.0,9,11.36,1917380.0,0
50455.0,8,1.74,1627059.0,0
23330.0,7,19.29,2645707.0,0
19171.0,15,11.77,2263613.0,0
79059.0,17,7.83,2989039.0,0
87833.0,8,5.14,1611363.0,0
27334.0,16,7.73,7795717.0,0
120151.0,15,14.76,3731713.0,0
60657.0,14,15.57,2535517.0,0
46778.0,14,20.98,1801150.0,1
47999.0,16,8.23,1626491.0,0
285297.0,9,14.88,4271326.0,0
133735.0,10,7.68,2210255.0,0
186369.0,13,19.36,2844555.0,0
96620.0,16,7.0,3473575.0,0
21036.0,9,5.99,2053515.0,0
30174.0,9,5.62,3185203.0,0
46755.0,13,6.0,996100.0,0
77884.0,12,7.98,1629659.0,0
109803.0,21,8.14,957010.0,0
39396.0,13,4.94,2208250.0,0
81406.0,16,0.8,2188522.0,0
42574.0,7,3.95,7246725.0,0
115398.0,10,2.65,1794066.0,0
134852.0,23,6.72,2985033.0,0
48090.0,17,3.84,3462404.0,0
241608.0,18,8.7,5921790.0,0
228913.0,8,13.22,3530776.0,0
442613.0,18,4.84,4137074.0,0
178614.0,12,22.26,7347964.0,0
16011.0,6,1.02,1095930.0,0
50306.0,12,9.67,1998170.0,0
50157.0,16,5.44,2230132.0,0
886623.0,12,13.82,2643928.0,0
58559.0,14,11.02,1936258.0,0
89415.0,21,6.95,4925586.0,0
83306.0,7,5.48,1949981.0,0
23990.0,14,22.25,1915264.0,0
266177.0,9,2.19,3526633.0,0
31568.0,16,7.39,1822799.0,0
47146.0,11,22.77,1537960.0,0
15978.0,18,9.14,1335908.0,0
28688.0,14,16.41,2536723.0,0
372171.0,14,6.32,4766602.0,0
179198.0,21,1.69,4217041.0,0
187650.0,17,5.85,3485976.0,0
18929.0,9,11.3,2905096.0,0
13338.0,19,4.98,2006128.0,0
211452.0,10,1.95,2584018.0,0
63846.0,13,14.4,1390382.0,0
218760.0,10,10.45,2966835.0,0
66397.0,11,10.01,4711633.0,0
6607.0,9,5.5,1116681.0,0
230743.0,16,6.19,5614393.0,0
19286.0,23,24.02,900000.0,0
42736.0,17,9.31,1777233.0,0
21068.0,9,21.1,1505429.0,0
27198.0,14,1.43,1832804.0,0
298695.0,13,5.36,2235196.0,0
99445.0,9,5.81,5404845.0,0
12710.0,16,6.15,1562879.0,1
54676.0,19,8.11,1634225.0,0
79680.0,7,1.99,1804808.0,0
69635.0,17,4.96,2002548.0,1
247519.0,12,6.64,1905792.0,0
172638.0,11,10.23,1303059.0,0
219877.0,23,15.58,3110920.0,0
152474.0,10,6.92,2514698.0,0
170772.0,13,8.18,4664984.0,0
14578.0,15,3.78,5328604.0,0
9141.0,18,6.2,1148777.0,0
220378.0,11,3.77,6419772.0,0
52841.0,17,0.47,3583430.0,0
123376.0,9,5.12,5428028.0,0
31223.0,21,6.77,2572987.0,0
15926.0,13,0.82,3862686.0,0
59468.0,8,13.38,3688659.0,0
40885.0,23,9.2,5666647.0,0
41639.0,18,10.31,1937766.0,0
33702.0,15,6.65,1947303.0,0
137725.0,16,2.9,2361408.0,0
62082.0,17,2.81,5710308.0,0
96148.0,7,7.85,6287011.0,0
17609.0,19,13.8,1474250.0,0
168374.0,6,6.7,3658093.0,0
150554.0,6,3.3,2684179.0,0
71192.0,0,7.27,2402784.0,0
28472.0,22,4.62,3676999.0,0
446685.0,8,4.72,7612305.0,0
12499.0,10,9.71,3795428.0,0
17648.0,12,13.73,2138233.0,0
11289.0,14,2.06,1948434.0,0
35248.0,17,6.81,3638146.0,0
33292.0,16,1.7,3187451.0,0
182530.0,17,8.95,5155806.0,0
322252.0,20,8.75,5974958.0,0
98783.0,8,6.05,3186448.0,0
50108.0,19,5.41,3882514.0,0
202268.0,13,7.71,6978145.0,0
343246.0,14,3.38,5685947.0,0
58756.0,6,8.26,1697202.0,0
8661.0,12,4.35,1270024.0,0
17333.0,18,8.22,1316487.0,0
15846.0,12,9.79,1061805.0,0
144368.0,13,2.84,3451555.0,0
24740.0,22,7.16,1399506.0,0
43378.0,20,2.03,4054632.0,0
10585.0,7,5.84,1773805.0,0
355880.0,11,17.21,4707741.0,0
230610.0,8,0.64,3939519.0,0
71469.0,8,6.7,3033518.0,0
284050.0,8,4.77,3563554.0,0
5000.0,18,13.26,1365845.0,0
49129.0,16,10.89,900000.0,0
60625.0,10,7.67,2035834.0,0
29969.0,8,6.12,3507255.0,0
39182.0,10,3.14,1336997.0,0
81879.0,12,3.55,3922024.0,0
66294.0,10,1.53,3803157.0,0
121206.0,9,5.71,2920282.0,0
462599.0,22,1.79,3154700.0,0
64835.0,9,11.13,2595900.0,0
226421.0,7,13.27,2953825.0,0
14472.0,16,3.99,1356318.0,0
106284.0,8,13.73,4870994.0,0
49524.0,8,6.09,3292593.0,0
299204.0,9,14.64,3663727.0,0
95982.0,14,3.87,1801895.0,0
49831.0,7,11.61,1200085.0,0
53734.0,14,6.98,5361638.0,0
5000.0,13,10.94,1208265.0,0
42315.0,12,7.34,2264540.0,0
172296.0,0,6.81,2557011.0,0
61849.0,12,22.86,3118692.0,0
243249.0,16,8.46,3254683.0,0
45222.0,21,5.88,2690941.0,0
25820.0,7,8.08,1236345.0,0
31577.0,15,17.68,2335812.0,0
59674.0,15,3.74,2587142.0,0
34167.0,20,12.11,3654543.0,0
175459.0,15,4.34,3100179.0,0
68844.0,14,19.41,5078798.0,0
58134.0,10,1.07,4319407.0,0
13513.0,12,11.04,1347747.0,0
38489.0,18,6.0,2822642.0,0
280175.0,9,6.13,3468706.0,0
333085.0,21,10.22,2058289.0,0
340193.0,13,6.62,6247616.0,0
70872.0,11,17.68,2010591.0,0
25519.0,21,10.12,1336968.0,0
17650.0,18,6.95,1024847.0,0
854741.0,7,5.64,2106023.0,0
63892.0,13,11.35,2111741.0,0
199009.0,0,9.1,2216719.0,0
31867.0,20,4.72,900000.0,0
14627.0,11,0.69,2750855.0,0
68009.0,19,11.14,5152600.0,0
74475.0,14,7.02,1922249.0,0
60058.0,13,11.66,3825538.0,0
31164.0,16,1.66,1954536.0,0
16003.0,8,9.95,1749851.0,0
274614.0,19,11.26,5782385.0,0
131660.0,11,1.02,4117368.0,0
51774.0,13,9.15,4509102.0,0
157563.0,17,25.44,10028985.0,0
64863.0,13,2.15,2786249.0,0
55831.0,17,4.27,2762042.0,0
26412.0,21,1.05,3019640.0,0
60962.0,14,3.38,6166165.0,0
112695.0,8,4.3,4707630.0,0
31355.0,10,2.53,1714563.0,0
31424.0,17,3.7,1780927.0,0
22691.0,15,7.1,3440607.0,0
210853.0,8,1.39,3699812.0,0
116257.0,12,10.03,3625107.0,0
132757.0,11,17.54,3788169.0,0
167841.0,11,3.73,2521068.0,0
57767.0,12,9.8,3930665.0,0
265399.0,20,1.18,3991461.0,0
26941.0,10,15.71,1711955.0,0
14816.0,11,6.67,1401990.0,0
92809.0,9,3.34,3189678.0,1
99349.0,13,10.44,2235781.0,0
23067.0,20,6.7,1268473.0,0
96754.0,13,9.78,4286877.0,0
58068.0,6,1.52,3531046.0,0
464077.0,15,12.83,6029770.0,0
356909.0,7,14.44,2718877.0,0
123838.0,10,17.23,2918877.0,0
47035.0,4,2.67,1265626.0,0
21062.0,10,9.71,6082827.0,0
206947.0,7,9.23,3930200.0,0
14690.0,20,12.37,4576926.0,0
22286.0,12,5.27,2438127.0,0
28415.0,17,15.55,2706833.0,0
127076.0,12,9.68,3348146.0,0
37132.0,13,8.57,1841461.0,0
20588.0,15,6.15,1820957.0,0
710008.0,13,8.77,8375805.0,0
38289.0,6,12.84,3368868.0,0
34842.0,15,3.62,1907359.0,0
7507.0,8,12.38,1273393.0,0
14451.0,11,1.34,1457595.0,0
208438.0,19,1.33,3335949.0,0
8337.0,12,4.76,1642688.0,0
56641.0,19,1.37,1532632.0,0
71215.0,9,25.02,2477249.0,0
141078.0,17,6.74,3387602.0,0
47548.0,12,2.44,5632696.0,0
22984.0,22,22.89,1768657.0,0
41406.0,21,10.07,1892367.0,0
99149.0,9,0.98,3402259.0,0
72512.0,7,10.5,2125643.0,0
32949.0,14,8.73,4401196.0,0
202161.0,10,4.11,2146029.0,0
31190.0,12,7.93,1334753.0,0
36347.0,14,8.8,1874420.0,0
205830.0,13,2.35,1179470.0,0
37864.0,12,4.61,2070225.0,0
50155.0,11,5.14,3611203.0,0
169621.0,11,2.02,2851602.0,0
26510.0,19,3.27,2598110.0,0
37878.0,23,2.09,1370782.0,0
57936.0,12,11.61,1823049.0,0
17968.0,15,7.36,2237215.0,0
204248.0,14,10.01,3171887.0,0
149147.0,13,4.4,11117862.0,0
30142.0,13,5.06,1897338.0,0
110829.0,10,16.24,4644713.0,0
20826.0,10,16.89,1465457.0,0
1223076.0,14,5.23,1562907.0,0
11533.0,8,9.36,933584.0,0
30319.0,11,16.84,1795004.0,0
182676.0,10,6.58,4899922.0,0
102136.0,14,5.17,2723512.0,0
48224.0,15,7.77,5391500.0,0
36413.0,13,8.81,2093516.0,0
141934.0,21,5.59,4951506.0,0
46469.0,11,12.92,2028658.0,0
46397.0,16,10.68,4484490.0,0
173910.0,9,12.5,6763843.0,0
68407.0,17,1.78,2427560.0,0
64096.0,18,0.26,1309934.0,0
310887.0,9,0.46,7561249.0,0
74369.0,20,6.7,1705519.0,0
136942.0,20,21.13,2016416.0,0
63569.0,18,34.91,2319922.0,0
40553.0,12,1.04,4551467.0,0
57262.0,5,27.24,4021014.0,0
62351.0,12,7.26,3946561.0,0
62252.0,14,11.73,2367996.0,0
36845.0,7,7.26,2475496.0,0
196358.0,10,2.83,4327895.0,0
210443.0,8,2.66,6888234.0,0
36722.0,11,5.31,1387423.0,0
87221.0,10,11.31,5496671.0,0
85551.0,9,3.75,4696769.0,0
6593.0,6,2.86,3978274.0,0
67184.0,11,9.86,1887528.0,0
35205.0,5,3.18,2929072.0,0
111631.0,22,7.54,3439773.0,0
105408.0,21,7.18,1954665.0,0
161731.0,15,4.35,5328071.0,0
43815.0,10,2.47,2151369.0,0
297818.0,15,10.09,6501341.0,0
45083.0,16,4.01,1225191.0,0
33656.0,15,17.47,1312278.0,0
60407.0,17,18.43,984932.0,0
83716.0,12,18.77,4135112.0,0
665911.0,15,10.82,1697882.0,0
12443.0,13,2.15,1777126.0,0
311278.0,12,11.7,4611550.0,0
81357.0,15,9.97,7259024.0,0
59640.0,9,4.21,1843604.0,0
682003.0,19,1.7,5913448.0,0
68721.0,16,10.92,3755892.0,0
31511.0,13,3.08,2768166.0,0
21212.0,11,4.82,1442505.0,0
44393.0,9,11.19,1281872.0,0
21645.0,21,11.43,2883550.0,0
44449.0,12,5.3,2996257.0,0
20161.0,10,4.65,1902845.0,0
32811.0,14,13.04,1612902.0,0
13661.0,13,8.44,1348333.0,0
200397.0,6,24.29,3384801.0,0
150063.0,11,7.17,4036485.0,0
250682.0,19,6.96,4137258.0,0
106392.0,16,3.97,3903708.0,0
17532.0,20,6.31,2064125.0,0
234958.0,13,6.35,6716867.0,0
63942.0,14,1.71,1598454.0,0
103290.0,12,6.14,3809150.0,0
113908.0,17,2.5,2231829.0,0
58889.0,13,5.86,1505597.0,0
34062.0,20,22.8,1950334.0,0
152092.0,16,0.25,3760584.0,0
369386.0,10,3.2,5067944.0,0
236903.0,7,4.58,3327771.0,0
31455.0,11,4.09,900000.0,0
167774.0,14,7.06,4175516.0,0
5000.0,15,10.81,900000.0,0
56221.0,9,7.44,8048705.0,0
50272.0,19,3.79,3140628.0,0
157540.0,11,8.41,3022542.0,0
215674.0,16,5.63,4845525.0,0
87126.0,8,12.54,2385710.0,0
288689.0,8,4.85,2419709.0,0
65718.0,11,3.0,2259831.0,0
223057.0,8,14.42,2993147.0,0
67886.0,19,20.75,2919124.0,0
91041.0,14,5.42,3161856.0,0
55265.0,22,8.04,900000.0,0
89894.0,16,7.02,2646925.0,0
119131.0,11,8.42,1157753.0,0
517093.0,13,2.89,12518317.0,0
965305.0,13,2.57,4323079.0,0
42768.0,23,7.53,4658463.0,0
209373.0,14,17.42,3621529.0,0
57313.0,17,1.48,4035357.0,0
34896.0,11,6.63,1700421.0,0
353490.0,15,4.07,4304786.0,0
137450.0,9,16.14,4472951.0,0
72573.0,12,1.79,3081360.0,0
18583.0,9,11.59,4273810.0,0
588288.0,12,13.68,5012431.0,0
188985.0,12,5.56,2815652.0,0
117150.0,11,6.32,1508376.0,0
61385.0,5,4.33,4394777.0,0
145366.0,14,3.45,6488315.0,0
25001.0,14,11.3,1448727.0,0
79353.0,17,2.96,5318048.0,0
125112.0,14,1.59,3231280.0,0
172770.0,16,10.08,3931122.0,0
62701.0,18,16.63,4464219.0,0
24175.0,8,2.54,1560897.0,0
21760.0,16,13.43,3290623.0,0
206663.0,13,2.58,4919038.0,0
243590.0,16,8.74,6142762.0,0
107117.0,12,9.83,4533681.0,0
44586.0,7,3.16,1676686.0,0
34125.0,12,8.84,3137348.0,0
60979.0,11,3.86,2445250.0,0
107690.0,10,2.97,2903389.0,0
61763.0,5,2.38,5173960.0,0
5000.0,9,6.27,1299846.0,0
183863.0,21,3.92,3739653.0,0
335330.0,8,11.38,3586160.0,0
16326.0,12,14.13,1641505.0,0
117412.0,11,4.12,5219732.0,0
50024.0,13,1.14,2029641.0,0
20894.0,13,12.92,2873772.0,0
26672.0,13,10.56,900000.0,0
188525.0,10,4.05,5200704.0,0
74825.0,4,6.06,2399420.0,0
5000.0,16,3.67,2355548.0,0
837101.0,10,5.06,6279653.0,0
12269.0,15,3.53,963717.0,0
73414.0,7,10.83,4531351.0,0
215677.0,13,10.0,5023440.0,0
19048.0,10,2.67,932377.0,0
13599.0,21,4.85,3242480.0,0
128571.0,18,4.38,2269979.0,0
6534.0,8,13.07,1567110.0,0
18247.0,15,7.59,1372028.0,0
259274.0,8,10.69,4185446.0,0
229465.0,13,11.95,5358602.0,0
69458.0,9,5.58,1505792.0,0
25597.0,12,0.86,1659542.0,0
84681.0,6,8.34,4424181.0,0
853173.0,7,2.15,10730919.0,0
46751.0,14,14.62,1182759.0,0
26725.0,12,7.07,1246546.0,0
55930.0,14,26.01,1530731.0,0
38026.0,20,9.9,1543934.0,0
263876.0,10,3.09,5365640.0,0
25476.0,7,7.32,1581287.0,0
316631.0,12,13.78,9812959.0,0
410300.0,11,8.43,3638920.0,0
87455.0,12,9.72,4977745.0,0
266826.0,7,6.7,3999066.0,0
114195.0,17,3.11,1570884.0,0
5000.0,8,0.37,1280582.0,1
24086.0,11,3.29,4786693.0,0
32670.0,7,9.81,5589757.0,0
44492.0,15,6.03,3590150.0,0
39142.0,17,9.62,2822905.0,0
303434.0,15,16.46,2982336.0,0
137111.0,9,3.98,3197976.0,0
24806.0,7,0.96,1313669.0,0
32212.0,8,22.85,2920876.0,0
25639.0,7,8.39,2825520.0,1
45839.0,8,5.11,1031545.0,0
18998.0,18,10.57,900000.0,0
46217.0,12,0.91,2436878.0,0
21054.0,7,2.84,900000.0,0
11590.0,8,1.58,900000.0,0
25607.0,13,4.7,1054798.0,0
194085.0,22,3.26,3131966.0,0
22700.0,19,0.7,2736837.0,0
46479.0,8,16.68,2935422.0,0
209469.0,15,10.51,7350839.0,0
25969.0,18,3.01,3773982.0,0
198276.0,17,5.21,6742894.0,0
155779.0,10,1.82,3128369.0,0
74253.0,23,2.86,5151567.0,0
2337675.0,10,7.91,6845512.0,0
498912.0,21,21.44,8683749.0,0
41861.0,12,6.26,2478309.0,0
57569.0,12,6.13,1416003.0,0
64173.0,16,4.14,2898975.0,0
64636.0,15,9.27,6065173.0,0
47866.0,19,3.7,6881043.0,0
57821.0,20,9.58,3015326.0,0
81418.0,10,4.3,3466300.0,0
90029.0,10,12.66,6938999.0,0
207792.0,18,1.21,3099454.0,0
61881.0,9,7.71,4116970.0,0
136179.0,10,4.34,4752286.0,0
11319.0,18,8.44,2470056.0,0
26107.0,19,6.85,1725151.0,0
195607.0,9,9.68,11440474.0,0
26252.0,18,7.86,2008092.0,0
25350.0,14,5.84,1527199.0,0
160462.0,18,19.5,2418966.0,0
202395.0,8,17.23,3065381.0,1
357105.0,7,14.01,3309657.0,0
65734.0,18,1.87,2326329.0,0
36172.0,12,12.43,3725654.0,0
1666077.0,8,4.26,7449740.0,0
64310.0,17,16.55,2319869.0,0
17510.0,19,4.41,2870167.0,0
220081.0,17,2.64,6209199.0,0
6652.0,7,5.43,1577334.0,0
316715.0,14,3.94,1416873.0,0
48273.0,16,3.33,1883198.0,0
28187.0,8,5.98,2626896.0,0
192170.0,21,2.01,4674161.0,0
50655.0,9,4.48,1098874.0,0
22223.0,15,7.58,1906029.0,0
24951.0,11,6.7,1480052.0,0
32849.0,21,15.51,1128449.0,0
111308.0,13,8.54,1340106.0,0
119949.0,18,2.68,4294014.0,0
43304.0,4,13.24,2965775.0,0
69249.0,14,11.39,3062852.0,0
227808.0,11,20.39,3984164.0,0
213748.0,15,6.57,3596279.0,0
116304.0,12,9.12,3578300.0,0
1070233.0,11,16.83,8346146.0,0
84484.0,13,9.31,4111027.0,0
18313.0,13,13.61,900000.0,0
140894.0,17,6.94,3880619.0,0
81963.0,17,12.25,4879247.0,0
368951.0,9,13.64,3723226.0,0
22088.0,20,4.68,1983755.0,0
65096.0,20,0.98,1549838.0,0
32867.0,15,15.53,2873468.0,0
204057.0,23,5.76,4134149.0,0
137008.0,9,1.61,4614043.0,0
49101.0,21,3.51,971619.0,0
53975.0,12,4.06,3394694.0,0
2116786.0,8,21.61,5840098.0,0
83190.0,12,2.43,4356583.0,0
82861.0,17,18.48,12102083.0,0
43270.0,14,1.25,1875326.0,0
84016.0,22,2.68,1395341.0,0
151239.0,14,8.75,4651994.0,0
39579.0,16,1.44,6649766.0,0
71690.0,18,2.37,1567130.0,0
48918.0,16,3.05,2877142.0,0
109114.0,10,10.08,3211092.0,0
117447.0,14,4.31,3564189.0,0
584263.0,20,19.78,5766085.0,0
445534.0,11,15.62,10777817.0,0
18895.0,10,7.44,2016975.0,0
189817.0,5,4.53,2343169.0,0
62574.0,7,2.62,1184048.0,0
85731.0,9,30.05,4373966.0,0
59148.0,6,9.84,1467571.0,0
133103.0,13,11.04,3010420.0,0
114256.0,16,13.06,3650722.0,0
75885.0,12,4.42,6002462.0,0
119275.0,16,5.67,2718123.0,0
34655.0,17,8.42,2118818.0,0
159769.0,8,6.7,1941558.0,0
126091.0,15,9.59,4912250.0,0
462411.0,7,17.61,2298328.0,0
84277.0,12,5.0,2891198.0,0
292539.0,17,8.62,4325836.0,0
90351.0,11,10.74,5878041.0,0
131091.0,11,16.55,5420509.0,0
118565.0,11,12.16,1251783.0,0
19021.0,20,4.63,1501189.0,0
55199.0,15,20.67,3434813.0,0
88574.0,15,4.33,3888808.0,0
75561.0,18,5.48,3275340.0,0
507285.0,16,5.52,5903917.0,0
269123.0,16,1.74,6749227.0,0
41042.0,15,4.36,2681529.0,0
55619.0,9,7.81,3103155.0,0
217035.0,18,11.88,5213865.0,0
234309.0,8,3.45,4600133.0,0
11453.0,17,10.66,1577962.0,0
11319.0,8,6.11,1336093.0,0
16129.0,13,5.07,1021593.0,0
92861.0,8,3.7,2774764.0,0
33262.0,17,1.89,1993776.0,0
10849.0,15,10.27,1893896.0,0
26879.0,20,8.82,1161080.0,0
33329.0,10,3.91,2702820.0,0
33728.0,14,5.14,1178162.0,1
28650.0,9,8.1,1429774.0,0
35508.0,12,3.48,2269698.0,0
84510.0,14,17.27,3618138.0,0
46770.0,21,2.1,2830268.0,0
124823.0,7,4.23,4100586.0,0
74438.0,11,5.16,2672964.0,0
159252.0,8,6.54,2183692.0,0
49249.0,11,10.76,2305776.0,0
29912.0,0,8.73,1667516.0,0
62041.0,8,9.66,2817025.0,0
31770.0,22,12.99,5389026.0,0
47565.0,8,4.2,4196315.0,0
913715.0,4,20.26,4153373.0,0
58490.0,13,2.11,3420425.0,0
241506.0,19,3.43,3148032.0,0
63112.0,12,5.85,2927511.0,0
76631.0,19,9.85,1513567.0,0
32209.0,13,7.13,1475715.0,0
153598.0,11,10.77,1626538.0,0
166265.0,18,23.37,4663139.0,0
38412.0,11,1.64,1942950.0,0
43691.0,5,3.33,3934527.0,0
19014.0,12,4.96,1460159.0,0
7988.0,9,21.65,2370500.0,0
68397.0,7,6.39,1602529.0,0
84772.0,9,4.28,4060091.0,0
53115.0,7,6.1,8285725.0,0
38729.0,10,1.71,1386302.0,0
44934.0,14,1.86,3254815.0,0
42800.0,15,6.57,1745452.0,0
24141.0,20,13.53,4114952.0,0
76829.0,7,20.18,7052702.0,0
67093.0,10,12.17,2070780.0,0
47655.0,12,25.83,4855014.0,0
41298.0,20,4.31,2606418.0,0
17795.0,10,7.47,1856136.0,0
255702.0,13,0.66,2243300.0,0
138595.0,9,12.97,5344037.0,0
47660.0,22,5.02,3542886.0,0
47410.0,15,2.84,2679730.0,0
55939.0,13,6.42,2547960.0,0
35782.0,12,8.52,1982092.0,0
526875.0,19,5.18,4038042.0,0
28211.0,23,1.18,9364684.0,0
44283.0,16,12.4,2557796.0,0
34472.0,14,4.49,1570961.0,0
450822.0,21,5.29,3480765.0,0
184378.0,22,1.95,3793699.0,0
317196.0,8,13.96,5149894.0,0
28234.0,19,7.74,1426139.0,0
41241.0,17,9.74,3316257.0,0
35807.0,17,24.24,1745120.0,0
86657.0,14,4.01,6092652.0,0
321950.0,21,16.11,4300154.0,0
58237.0,15,1.48,2527400.0,0
24995.0,14,1.79,1419684.0,0
246247.0,18,2.35,8205691.0,0
117428.0,6,8.54,2587641.0,0
186426.0,12,3.2,4679624.0,0
9600.0,17,11.28,956806.0,0
16081.0,6,7.54,3030470.0,0
175809.0,10,10.67,4351714.0,0
9989.0,13,6.74,900000.0,0
1064211.0,17,4.58,3280234.0,1
216648.0,15,9.08,5745892.0,0
37609.0,18,2.16,1228875.0,1
25588.0,22,2.64,2613172.0,0
284527.0,15,4.6,2310578.0,0
32772.0,15,11.43,1973012.0,0
13972.0,10,6.7,1976162.0,0
85144.0,19,4.83,1696179.0,0
90387.0,0,11.32,1822300.0,0
57358.0,15,2.71,2704878.0,0
44651.0,6,1.84,2925493.0,0
47086.0,14,8.35,1326067.0,0
16926.0,18,13.17,1999698.0,0
333361.0,21,3.32,2960599.0,0
220823.0,11,14.01,5462455.0,0
601814.0,17,6.99,5497424.0,0
34299.0,6,7.7,2756751.0,0
143618.0,18,7.61,2984831.0,0
40659.0,21,4.27,1270451.0,0
71010.0,19,4.06,2919967.0,0
16289.0,16,6.7,976732.0,0
90770.0,13,6.39,2257539.0,0
24480.0,10,4.38,1349312.0,0
31183.0,10,8.71,1830463.0,0
75901.0,9,17.07,3018878.0,0
65217.0,10,17.74,3136582.0,0
477062.0,13,4.91,5623871.0,0
86882.0,17,8.09,3157944.0,0
197663.0,16,2.14,2101174.0,0
80803.0,18,8.9,3979897.0,0
9514.0,16,2.66,1102857.0,0
406142.0,17,6.99,7081842.0,0
15159.0,14,17.99,900000.0,0
34232.0,10,8.03,4020812.0,0
874183.0,16,3.16,3764325.0,0
77215.0,22,13.17,2015320.0,0
31181.0,19,16.21,2172879.0,0
39895.0,10,2.57,1217673.0,0
247037.0,15,3.77,2952910.0,0
150582.0,9,33.75,3749538.0,0
94048.0,11,14.57,2059424.0,0
82525.0,14,5.47,3519205.0,0
674830.0,23,8.92,4058434.0,0
29495.0,21,7.81,1817816.0,0
123314.0,1,5.9,4450202.0,0
221365.0,19,30.41,3579721.0,0
208278.0,21,10.74,2894227.0,0
54062.0,18,1.44,4249972.0,0
234711.0,10,26.51,3302969.0,0
206129.0,14,17.04,1863631.0,0
15320.0,15,6.14,1948784.0,0
32082.0,14,4.88,3146325.0,0
20990.0,9,10.46,5112991.0,0
413454.0,11,13.66,3069047.0,0
46248.0,18,5.24,2238424.0,0
251182.0,10,6.24,2844231.0,0
23594.0,9,4.76,1454949.0,0
266561.0,9,6.68,5217651.0,0
104237.0,16,11.58,6046238.0,0
142538.0,21,18.42,6948684.0,0
237724.0,9,9.05,4520805.0,0
42893.0,12,7.55,1912053.0,1
50912.0,10,0.1,2578908.0,0
61150.0,10,11.74,2226349.0,0
53396.0,0,4.53,3505061.0,0
502370.0,19,20.31,5794918.0,0
16398.0,10,6.7,900000.0,0
54607.0,16,4.91,3461388.0,0
19402.0,20,18.88,3169644.0,0
96938.0,12,1.78,3222899.0,0
194245.0,7,8.81,3979192.0,0
143752.0,21,24.93,1714523.0,0
13410.0,20,5.9,4624980.0,0
145437.0,8,2.69,3294814.0,0
294120.0,11,3.5,2470695.0,0
121526.0,18,2.81,2793526.0,0
112051.0,8,4.26,2180933.0,0
110674.0,13,0.56,2902917.0,0
54829.0,14,4.48,3802577.0,0
57093.0,11,16.11,1369615.0,0
62537.0,18,4.08,2286899.0,0
55558.0,14,2.41,2139076.0,0
24598.0,18,0.13,2709869.0,0
95092.0,16,6.95,2365141.0,0
98888.0,12,13.49,1053081.0,0
74307.0,8,11.45,3559265.0,0
222014.0,15,8.94,5299191.0,0
46483.0,11,7.77,1883823.0,0
59282.0,13,3.82,3019360.0,0
5000.0,8,16.87,1893337.0,0
43093.0,17,12.68,3078062.0,0
86385.0,18,10.22,2457505.0,0
160736.0,22,19.38,5026529.0,0
61287.0,15,11.83,2037859.0,0
58454.0,9,7.71,3923151.0,0
37993.0,20,6.63,1865073.0,0
67480.0,1,1.37,2058636.0,0
453135.0,12,3.22,2932795.0,0
18923.0,12,1.66,1132478.0,0
19381.0,14,0.21,1703064.0,0
60798.0,11,0.32,4343662.0,0
38183.0,12,30.1,1898793.0,0
39047.0,15,8.82,1323295.0,0
20026.0,14,7.01,1259853.0,0
178238.0,1,1.76,2883665.0,0
11911.0,8,3.54,2031807.0,0
32417.0,4,3.27,2832459.0,0
35162.0,21,11.64,900000.0,0
90605.0,10,0.94,1774281.0,0
8279.0,19,7.05,1791229.0,0
1150976.0,14,4.11,4139095.0,0
83624.0,14,1.6,4431410.0,0
136722.0,9,18.32,3922525.0,0
5000.0,7,7.64,910743.0,0
22296.0,13,16.19,4335499.0,0
72498.0,9,2.68,5261494.0,0
20381.0,22,6.69,1760700.0,0
646064.0,17,5.27,3170172.0,0
49034.0,7,7.2,3433577.0,1
26469.0,11,6.09,2168450.0,0
60479.0,16,8.14,2920217.0,0
71892.0,16,8.93,1748199.0,0
1178390.0,15,5.16,2964909.0,0
89041.0,21,15.12,2534117.0,0
99431.0,6,22.7,3149737.0,0
141129.0,19,5.77,7688194.0,0
15472.0,14,7.12,1527560.0,0
187600.0,18,4.47,5224179.0,0
46197.0,7,3.71,2876488.0,0
272017.0,8,2.57,2755228.0,0
78036.0,18,10.54,900000.0,0
109688.0,16,4.82,4667508.0,0
66166.0,10,12.59,1449233.0,0
16526.0,12,6.33,1630858.0,0
1080699.0,17,7.29,2359873.0,0
286020.0,17,3.65,2291303.0,0
29032.0,16,21.84,1703335.0,0
91791.0,21,5.07,6088235.0,0
78916.0,19,5.93,3966118.0,0
26147.0,14,12.16,10332950.0,0
23049.0,18,5.93,1829113.0,0
23280.0,17,8.18,1786521.0,0
180824.0,14,5.64,8128715.0,0
65726.0,9,12.18,1377226.0,0
33820.0,15,3.27,3230192.0,0
15421.0,15,6.7,2348474.0,0
210327.0,9,16.04,2409755.0,0
60793.0,17,15.88,1277846.0,0
128882.0,17,5.28,1916691.0,0
118670.0,18,3.79,8186145.0,0
124923.0,14,3.5,3049153.0,0
22177.0,21,4.14,6416718.0,0
13587.0,9,8.77,1978069.0,0
75182.0,20,11.09,3021345.0,0
332005.0,9,15.1,4006821.0,0
66661.0,11,7.96,3975319.0,0
78619.0,7,1.22,2529381.0,1
80939.0,10,7.36,2914527.0,0
302271.0,6,25.09,5125400.0,0
311611.0,14,3.3,3351968.0,0
20397.0,12,2.95,1060430.0,0
37061.0,14,6.7,2010126.0,0
15262.0,17,2.27,1530010.0,0
59696.0,8,17.68,1107053.0,0
111662.0,20,9.11,4383065.0,0
37896.0,10,5.8,5067295.0,0
17319.0,14,6.09,1839316.0,0
95196.0,21,9.05,2361072.0,0
1369985.0,10,15.86,8355869.0,0
26401.0,18,3.18,2578508.0,0
43856.0,21,4.05,2681855.0,0
65822.0,17,5.16,3340023.0,0
135927.0,20,6.76,5760682.0,0
95472.0,22,6.7,3710590.0,0
118736.0,9,6.76,5078428.0,0
15433.0,18,13.02,1655873.0,0
130016.0,6,16.35,4528038.0,0
14366.0,10,2.08,2690459.0,0
268493.0,7,3.41,1813032.0,0
38620.0,18,5.5,3824362.0,0
159405.0,9,13.58,11407825.0,0
85855.0,12,9.33,3183263.0,0
274385.0,0,22.34,4985977.0,0
31417.0,15,17.83,2445670.0,0
31021.0,14,6.7,1205406.0,0
457137.0,16,18.26,3820144.0,0
17488.0,16,9.83,1625193.0,0
51299.0,7,25.43,2501119.0,0
301898.0,13,1.57,8325012.0,0
20304.0,17,3.25,1051083.0,0
93500.0,17,7.1,3448858.0,0
36898.0,16,2.39,3755743.0,0
165895.0,21,9.22,3378764.0,0
36279.0,15,10.44,2051449.0,0
70527.0,18,12.45,3139177.0,0
43398.0,12,3.63,1677517.0,0
135398.0,13,5.75,6641888.0,0
377261.0,5,4.62,3096633.0,0
84192.0,13,7.26,5844622.0,0
14738.0,8,10.25,2416188.0,0
142748.0,13,4.97,4570814.0,0
77384.0,9,26.23,4145283.0,0
58897.0,0,10.86,1512234.0,0
234824.0,13,2.79,6782427.0,0
166990.0,14,0.41,12550431.0,0
127228.0,23,2.28,5100267.0,0
121542.0,21,16.7,1355882.0,0
46404.0,14,13.6,1787906.0,0
15446.0,15,3.97,900000.0,0
22685.0,18,6.14,1818383.0,0
281421.0,15,4.37,7528400.0,0
39485.0,0,5.08,5017351.0,0
117925.0,13,14.32,1671711.0,0
10756.0,16,14.85,1416532.0,0
28845.0,13,2.27,1986989.0,0
106657.0,14,1.55,5154077.0,0
257213.0,22,23.88,3724105.0,0
333385.0,11,7.88,6461566.0,0
60246.0,8,25.27,1994097.0,0
41817.0,11,10.18,3040151.0,0
62798.0,8,10.29,1919453.0,0
81550.0,8,3.38,2548711.0,0
36489.0,17,12.63,2394871.0,0
48966.0,16,2.58,2413863.0,0
194919.0,11,11.99,3928948.0,0
50838.0,16,1.78,2190791.0,0
24653.0,23,1.79,2627392.0,0
30494.0,21,5.24,1742653.0,0
90806.0,14,18.3,5520293.0,0
275721.0,12,4.54,7342652.0,0
813943.0,14,8.76,8352311.0,0
79052.0,14,7.22,4460337.0,0
78785.0,10,2.99,2795336.0,0
73406.0,17,5.04,1709313.0,0
16193.0,18,7.95,1598406.0,0
173293.0,14,0.41,2734535.0,0
38916.0,14,5.79,1442616.0,0
350982.0,19,5.08,4341232.0,0
100686.0,8,11.38,3279599.0,0
539792.0,8,2.77,1365372.0,0
227313.0,13,10.72,2536305.0,0
218769.0,15,12.95,4560494.0,0
241787.0,20,16.31,5398995.0,0
44271.0,16,5.11,3228527.0,0
217660.0,12,5.99,4071018.0,0
152652.0,7,1.89,3433046.0,0
182552.0,9,7.17,2245039.0,0
140060.0,11,1.63,3128679.0,0
22704.0,21,3.74,3089885.0,0
53996.0,20,3.67,2097490.0,0
37588.0,15,6.39,3307658.0,0
74210.0,19,11.14,2855940.0,0
88295.0,21,6.85,3563160.0,0
20820.0,17,12.78,2910953.0,0
75935.0,14,1.44,2876454.0,0
58314.0,19,1.19,1074390.0,0
416520.0,13,7.58,10486896.0,0
74597.0,5,3.49,4293176.0,0
70353.0,13,9.96,3675115.0,0
141965.0,17,17.6,7597305.0,0
132746.0,14,8.61,4996838.0,0
71745.0,16,34.61,3764136.0,0
100686.0,19,5.81,4153282.0,0
62502.0,7,15.25,7221998.0,0
8727.0,7,10.68,3348651.0,0
20362.0,14,0.65,1386551.0,0
5526.0,12,3.52,1269950.0,0
305380.0,12,21.42,6185322.0,0
28552.0,10,11.23,2602867.0,0
48540.0,19,6.37,3895578.0,0
43555.0,21,3.96,2767687.0,0
32785.0,12,2.71,3706401.0,0
78611.0,13,16.01,1825398.0,0
47312.0,11,4.67,3750251.0,1
135312.0,8,6.02,900000.0,0
46419.0,14,8.15,2492342.0,0
40316.0,12,23.24,1378864.0,0
41320.0,19,2.84,2899461.0,0
18666.0,7,9.66,3044096.0,0
10200.0,15,5.2,2655527.0,0
218727.0,7,6.7,3132436.0,0
117566.0,15,6.1,1098760.0,0
42044.0,15,3.15,1596533.0,0
222347.0,10,3.5,2558211.0,0
138786.0,8,15.49,3546913.0,0
47491.0,10,4.21,3309123.0,0
138287.0,11,1.5,1123530.0,0
53000.0,18,4.73,5841702.0,0
46109.0,9,5.39,2690553.0,0
217065.0,13,6.5,6935340.0,1
63648.0,21,13.05,4145267.0,0
146493.0,15,4.16,5382862.0,0
142158.0,17,4.53,3815717.0,0
12653.0,0,4.48,2213178.0,0
38104.0,12,1.91,2468762.0,0
29849.0,6,11.92,4591474.0,1
124083.0,16,14.94,2339754.0,0
11695.0,22,2.62,1003258.0,0
63084.0,6,4.58,2839746.0,0
49242.0,15,8.3,3242248.0,0
111656.0,15,6.97,3634982.0,0
338940.0,8,6.64,4164934.0,0
111644.0,20,6.13,8508163.0,0
151641.0,20,10.48,1247282.0,0
1146841.0,9,3.63,7486172.0,0
56696.0,12,3.88,4203330.0,0
87928.0,14,4.49,2817910.0,0
17990.0,19,7.94,1348114.0,0
50885.0,14,18.84,2945807.0,0
32150.0,6,3.88,3933851.0,0
87684.0,0,4.35,2764221.0,0
380464.0,20,1.44,2189015.0,0
106073.0,22,6.7,2031627.0,0
20716.0,17,1.9,1824688.0,0
156832.0,14,14.59,4014351.0,0
41328.0,11,3.7,3862626.0,0
47393.0,2,2.09,4773924.0,0
60850.0,12,4.33,1840150.0,0
150707.0,15,6.49,5873814.0,0
250202.0,10,6.86,11027974.0,0
71856.0,14,2.91,2974780.0,0
259114.0,2,7.73,5287357.0,0
37279.0,6,8.23,1360869.0,0
241081.0,6,3.47,10416309.0,0
26528.0,15,7.19,3976124.0,0
165298.0,13,27.62,5543711.0,0
79396.0,8,5.58,3307405.0,0
5896.0,18,14.03,1178634.0,0
29290.0,16,10.66,3691859.0,0
201806.0,9,5.6,2803409.0,0
238290.0,10,11.72,4673427.0,0
15049.0,18,9.25,1775393.0,0
9464.0,8,1.63,900000.0,0
128447.0,5,8.95,2702326.0,0
38410.0,10,2.34,2337465.0,0
95989.0,8,6.93,4200687.0,0
8496.0,15,10.47,1751651.0,0
55829.0,11,4.93,2279441.0,0
102278.0,14,3.69,2291788.0,0
27895.0,17,15.64,1874759.0,1
119514.0,11,4.82,3825764.0,0
23516.0,20,8.89,2408369.0,0
14688.0,22,18.45,2142663.0,0
109747.0,14,12.08,1928092.0,0
38238.0,13,4.89,2376076.0,0
384701.0,7,6.84,6541580.0,0
28284.0,15,12.72,2465460.0,0
188024.0,23,10.21,1957020.0,0
45306.0,14,6.88,2979227.0,0
89310.0,10,8.29,4362863.0,0
114642.0,8,6.2,2825739.0,0
46844.0,14,6.59,3533588.0,0
31093.0,0,14.41,3984406.0,0
80417.0,8,8.92,4263327.0,0
249097.0,8,3.1,3185493.0,0
40231.0,20,5.12,1314744.0,0
130204.0,16,5.2,2637647.0,0
45396.0,17,2.55,1968057.0,0
19134.0,13,2.83,4201308.0,0
111452.0,16,6.73,5694152.0,0
33383.0,13,12.85,2289817.0,0
63909.0,12,7.92,4223181.0,0
100825.0,8,9.55,3454086.0,0
71436.0,15,9.43,2479668.0,0
83096.0,13,5.17,6053827.0,0
233463.0,13,12.43,2184968.0,0
72213.0,20,2.16,1930365.0,0
56723.0,20,4.69,1743168.0,0
112720.0,12,3.36,5009181.0,0
178583.0,11,3.53,1866801.0,0
39018.0,13,6.7,1853792.0,0
680894.0,11,0.84,5053947.0,0
286413.0,12,5.48,3402854.0,0
38251.0,8,23.21,2573572.0,0
16629.0,2,7.74,1756284.0,0
51543.0,15,7.67,3186784.0,0
55287.0,13,11.1,1564958.0,0
6784.0,12,8.19,3117568.0,0
136373.0,15,3.87,3034783.0,0
93159.0,8,14.91,2693240.0,0
236455.0,19,20.03,3107872.0,0
70204.0,7,5.25,3917541.0,0
20527.0,15,15.37,1043045.0,0
34403.0,8,12.08,1578461.0,0
227897.0,19,3.32,4164812.0,0
50983.0,22,10.66,2576197.0,0
44192.0,11,10.29,4457389.0,0
41998.0,10,11.33,7093868.0,0
183197.0,20,9.48,6556382.0,0
75058.0,22,4.47,4816604.0,0
27869.0,17,7.31,2965870.0,0
655566.0,11,4.98,5370708.0,0
93972.0,9,3.08,2025221.0,0
27254.0,16,3.4,3132040.0,0
20127.0,17,8.4,2445060.0,0
184162.0,7,3.21,2178665.0,0
215915.0,14,4.65,1880407.0,0
71492.0,13,14.16,3551200.0,0
65024.0,13,5.15,1217741.0,0
12853.0,14,20.6,975155.0,0
206956.0,14,6.74,4857731.0,0
47787.0,14,16.81,3512925.0,0
87664.0,14,6.83,4411704.0,0
32561.0,8,2.48,2634465.0,0
56620.0,13,1.03,3639560.0,0
43435.0,16,5.1,2149117.0,0
28884.0,15,10.49,2114984.0,0
41039.0,18,14.55,1525376.0,0
357622.0,12,2.85,7473605.0,0
93070.0,14,5.23,1664228.0,0
82208.0,7,9.23,6625473.0,0
101153.0,11,6.18,1451067.0,0
46652.0,15,8.26,1714430.0,0
132131.0,18,17.12,5465234.0,0
34748.0,12,7.87,3854232.0,0
106193.0,13,2.4,3516439.0,0
72367.0,7,14.31,1691693.0,0
61688.0,7,3.06,4756209.0,0
30959.0,7,5.16,1754945.0,0
47233.0,9,13.08,3311544.0,0
40180.0,7,18.87,1893700.0,0
106315.0,12,18.98,6532457.0,0
82657.0,9,3.88,3490038.0,0
72143.0,7,11.21,5844468.0,0
65564.0,10,18.51,2579121.0,0
30245.0,13,6.66,1901960.0,0
57850.0,12,12.16,1329956.0,0
77791.0,18,9.48,3221723.0,0
366177.0,9,9.12,5378868.0,0
636228.0,5,11.09,3755995.0,0
16582.0,15,4.13,1902868.0,0
31509.0,19,10.76,2195006.0,1
97931.0,10,11.11,2195745.0,0
128391.0,11,11.29,2760705.0,0
205431.0,14,5.89,4101756.0,0
220036.0,7,12.31,3025722.0,0
131123.0,14,18.57,4140014.0,0
34452.0,20,8.01,3571546.0,0
150536.0,15,7.92,1609779.0,0
97100.0,11,6.22,2951815.0,0
45344.0,9,7.99,1622967.0,0
29820.0,13,1.27,2955361.0,0
156403.0,15,13.27,3559791.0,0
72950.0,0,4.42,1833340.0,0
43435.0,16,1.5,1363935.0,0
33887.0,10,0.25,3150531.0,0
222306.0,7,6.7,2630417.0,0
82487.0,19,13.04,5302107.0,0
75497.0,10,4.03,1962883.0,0
527828.0,13,4.49,6864989.0,0
65028.0,12,0.27,4020759.0,0
24080.0,22,12.39,1231171.0,0
86226.0,17,7.63,1943469.0,0
190296.0,9,10.84,2854012.0,0
186190.0,7,6.7,2631110.0,0
14574.0,14,0.96,1728104.0,0
51210.0,15,2.36,1040201.0,0
89488.0,17,5.69,2370815.0,0
14694.0,14,13.38,2482706.0,1
36404.0,15,15.3,3842937.0,0
71559.0,17,2.47,3115844.0,0
57634.0,7,10.71,1559333.0,0
557865.0,6,9.66,4289612.0,0
98343.0,21,12.53,2029281.0,0
278154.0,17,9.43,4733776.0,0
52474.0,8,5.26,2172234.0,0
79889.0,16,4.92,2078835.0,0
210330.0,9,4.34,2794511.0,0
86188.0,3,3.75,4273042.0,0
47179.0,13,5.17,3235786.0,0
34601.0,10,8.44,1379615.0,0
79254.0,21,12.68,4770683.0,0
14428.0,3,23.43,1945944.0,0
8530.0,12,15.18,1274343.0,0
79748.0,7,10.4,1107424.0,0
50559.0,9,1.2,5716835.0,0
91837.0,6,0.39,6449631.0,0
34291.0,8,8.32,2082415.0,0
29483.0,20,11.11,2391405.0,0
19979.0,10,2.71,2722031.0,0
58445.0,19,16.68,1408018.0,0
93521.0,10,6.25,3014724.0,0
145824.0,13,11.61,3790194.0,0
130576.0,10,4.92,2222523.0,0
161320.0,20,13.11,3194245.0,0
29666.0,22,4.46,2232697.0,0
246615.0,7,12.07,4896854.0,0
28824.0,19,1.38,1694383.0,0
280328.0,12,9.63,2167573.0,0
77917.0,10,2.14,6131220.0,0
75947.0,13,8.3,3096643.0,0
78313.0,9,4.81,10494600.0,0
111084.0,8,14.72,4204928.0,0
356690.0,7,6.7,5304169.0,0
545406.0,8,16.55,4000360.0,0
14719.0,8,4.17,1850403.0,0
149459.0,16,16.65,4684667.0,0
56100.0,6,17.51,1625604.0,0
27636.0,16,9.78,1139003.0,0
156280.0,7,2.63,3470489.0,0
77449.0,10,1.29,4845843.0,0
42683.0,12,2.0,5530767.0,0
50617.0,20,7.68,3515977.0,0
206545.0,9,6.1,2695744.0,0
44666.0,20,3.81,2599017.0,0
253250.0,18,7.84,3749137.0,0
219080.0,13,2.35,4859765.0,0
5488.0,13,18.55,2842212.0,0
43987.0,10,9.66,3972212.0,1
182572.0,10,7.12,5292408.0,0
200230.0,7,8.82,5420777.0,0
458175.0,5,2.69,5318494.0,0
155378.0,11,10.71,4435738.0,0
732341.0,18,12.31,7259241.0,0
27856.0,9,8.06,1728247.0,0
194890.0,17,8.49,7052434.0,0
134923.0,6,17.65,2922014.0,0
37129.0,14,7.92,1200038.0,0
127691.0,14,22.55,3000791.0,0
33477.0,15,7.18,3343264.0,0
38885.0,11,5.05,1356601.0,0
75217.0,15,6.81,2846222.0,0
33105.0,10,6.46,900000.0,0
89320.0,16,5.88,7132516.0,0
199566.0,14,5.19,2428183.0,0
110705.0,12,10.7,2792757.0,0
55119.0,13,9.46,4740124.0,0
154641.0,20,7.24,2817215.0,0
37108.0,11,4.7,1402300.0,0
48120.0,11,18.77,968430.0,0
228394.0,11,7.09,4029261.0,0
51306.0,6,6.7,4344946.0,0
43607.0,7,13.44,2206241.0,0
11898.0,4,6.28,930474.0,0
263866.0,15,25.48,3349975.0,0
88749.0,10,9.01,2773661.0,0
162959.0,12,3.41,3929804.0,0
79080.0,19,13.84,1809759.0,0
15426.0,12,4.68,900000.0,0
46682.0,18,9.98,2070329.0,0
122779.0,13,4.21,4281915.0,0
93918.0,12,8.13,4961197.0,0
37037.0,10,2.11,2312634.0,0
32443.0,18,10.0,2054753.0,0
9805.0,11,6.79,1036436.0,0
67954.0,16,5.72,5384976.0,0
50963.0,7,3.41,2181242.0,0
11744.0,9,11.76,1887241.0,0
63826.0,20,19.55,1711654.0,0
105571.0,23,5.06,2247180.0,0
37156.0,12,7.32,3514499.0,0
50094.0,20,4.71,2267711.0,0
223279.0,14,9.01,5872816.0,0
33308.0,20,16.05,3992347.0,0
855197.0,18,12.88,3423022.0,0
223018.0,22,1.82,5698425.0,0
59404.0,14,6.55,1441560.0,0
310652.0,21,6.82,3020822.0,0
287846.0,11,10.82,4320866.0,0
197483.0,18,1.45,4386004.0,0
114334.0,14,10.89,2215115.0,0
80789.0,19,2.43,1446622.0,0
15662.0,15,1.64,1008236.0,0
102722.0,10,3.79,3672218.0,0
40985.0,16,4.56,2671115.0,0
48599.0,12,13.15,2543272.0,0
106519.0,0,2.7,3085299.0,0
16418.0,21,8.78,2723863.0,0
61297.0,21,4.89,2119336.0,0
160921.0,6,6.58,4227994.0,0
40302.0,5,7.96,1336941.0,0
11143.0,8,10.35,1511505.0,0
37723.0,15,17.33,1367655.0,0
168550.0,11,6.72,2319452.0,0
295688.0,13,8.4,3944243.0,0
50926.0,8,19.72,1840471.0,0
23001.0,10,6.15,3033708.0,0
116425.0,22,15.82,4687636.0,0
54668.0,12,7.91,7398496.0,0
131132.0,17,7.75,4478133.0,0
28855.0,15,4.99,2131554.0,0
36141.0,21,4.77,1237447.0,0
9388.0,7,5.98,900000.0,0
71073.0,7,5.36,2040808.0,0
77506.0,17,2.92,2989862.0,0
23349.0,9,15.15,2217485.0,1
599354.0,8,12.56,8195130.0,0
15990.0,13,4.1,1390182.0,0
111408.0,13,22.76,2016119.0,0
7829.0,10,9.17,900000.0,0
31892.0,15,7.16,5295567.0,0
36571.0,17,6.64,2018099.0,0
54973.0,6,1.22,1041011.0,0
35669.0,18,3.36,2557942.0,0
235511.0,18,6.71,6229578.0,0
100013.0,16,2.51,8251722.0,0
102164.0,16,0.88,2440788.0,0
298152.0,9,4.35,3944485.0,0
90493.0,21,0.6,2216217.0,0
22320.0,22,8.78,2475476.0,0
41680.0,12,4.93,2101506.0,0
158589.0,14,21.84,6609390.0,0
17936.0,17,15.18,1902758.0,0
5000.0,17,5.96,920970.0,0
32023.0,16,2.43,1506008.0,0
39260.0,10,7.61,1994471.0,0
60232.0,2,11.23,3071237.0,0
150232.0,19,14.88,2048688.0,0
190236.0,10,12.08,3099463.0,0
268219.0,9,8.32,3129366.0,0
120429.0,13,10.77,2276354.0,0
33048.0,13,17.17,4032553.0,0
6571.0,17,12.11,1680581.0,0
36936.0,9,7.41,1596454.0,0
325126.0,18,6.74,4659536.0,0
136564.0,18,8.33,2886839.0,0
18985.0,10,7.44,900000.0,0
86221.0,13,4.52,2182948.0,0
45896.0,19,3.59,3778713.0,0
252219.0,13,18.99,6234921.0,0
314851.0,11,1.44,4044645.0,0
148768.0,13,15.57,3331175.0,0
225638.0,18,2.6,4903923.0,0
71803.0,9,8.51,4852762.0,0
174347.0,14,7.29,5232617.0,0
30245.0,17,24.63,1499755.0,0
62964.0,16,29.9,2659068.0,0
25570.0,3,2.13,1222754.0,1
141006.0,9,10.54,4985671.0,0
49945.0,14,6.27,1930912.0,0
20832.0,14,32.87,1599430.0,0
106795.0,0,8.27,7486605.0,0
50813.0,13,5.77,1541355.0,0
118198.0,11,9.93,2232220.0,0
151473.0,10,1.38,2772412.0,0
282603.0,1,5.75,2506874.0,0
36998.0,14,20.79,5150007.0,0
184728.0,7,19.46,3855290.0,0
37550.0,17,15.52,1606297.0,0
65906.0,7,1.43,4269404.0,0
219767.0,8,1.29,2367918.0,0
30860.0,20,9.12,2025665.0,0
83117.0,15,12.61,3803542.0,0
163564.0,13,4.52,3488926.0,0
82067.0,14,0.98,2967489.0,0
22125.0,10,12.69,1731546.0,0
44179.0,12,2.21,2880733.0,0
137760.0,16,8.03,1420590.0,0
31278.0,11,17.74,4154141.0,0
313179.0,14,6.7,2344060.0,0
42476.0,16,5.92,2609666.0,0
472060.0,11,17.57,3998512.0,0
102774.0,15,5.45,2458985.0,0
356749.0,11,12.3,3550201.0,0
347852.0,0,6.42,1853493.0,0
33793.0,9,5.6,3187910.0,0
50270.0,20,8.71,4533674.0,0
19784.0,11,1.83,1002270.0,0
30069.0,13,26.2,2136939.0,0
96457.0,18,10.27,2881959.0,0
33443.0,17,5.84,2488938.0,0
620281.0,17,2.27,3516603.0,0
162408.0,10,9.21,5100909.0,0
140237.0,15,11.96,2866981.0,0
848603.0,17,8.71,3504028.0,0
152671.0,14,14.27,3412144.0,0
78271.0,11,4.66,4702862.0,0
28447.0,15,6.82,4123054.0,0
215880.0,10,3.93,6220713.0,0
34270.0,14,1.52,4984786.0,0
30635.0,16,9.59,1974445.0,0
75991.0,13,16.59,3173895.0,0
81005.0,17,14.03,4664202.0,0
159973.0,12,10.07,2962946.0,0
23210.0,14,12.61,900000.0,0
152727.0,12,6.7,7330557.0,0
13532.0,21,0.92,3501492.0,0
87460.0,9,3.02,3231560.0,0
28136.0,12,7.61,3293937.0,0
95219.0,16,12.04,1768981.0,0
117749.0,18,4.86,2798543.0,0
50924.0,18,13.29,2277464.0,0
129796.0,9,12.17,1760714.0,0
150297.0,16,5.61,2988517.0,0
164378.0,5,7.14,3449171.0,1
82437.0,16,21.95,5049270.0,0
296279.0,13,3.12,3236512.0,0
75473.0,17,7.81,2573631.0,0
69280.0,8,5.48,3820219.0,0
42290.0,11,22.95,4995064.0,0
16791.0,17,6.02,4774729.0,0
27962.0,7,9.12,2468833.0,0
49434.0,17,3.9,2941739.0,0
76787.0,10,7.34,2394988.0,0
271970.0,23,11.04,9040641.0,0
53871.0,18,5.64,4818513.0,0
208392.0,17,15.04,5482556.0,0
82663.0,7,10.55,1638925.0,0
29976.0,11,5.72,3443301.0,0
181198.0,16,19.26,6062661.0,0
19128.0,8,7.34,1414701.0,0
46356.0,19,4.23,2669805.0,0
8275.0,21,0.73,984673.0,0
70264.0,7,8.11,14661029.0,0
19579.0,15,2.61,3207150.0,0
120916.0,20,8.43,2137770.0,0
25466.0,9,7.2,4616393.0,0
65700.0,11,4.89,2278608.0,0
224469.0,15,11.21,4043899.0,0
166250.0,16,2.85,2198057.0,0
134724.0,17,3.1,5311528.0,0
28525.0,12,8.6,1979759.0,0
2627662.0,10,7.0,3080337.0,0
44173.0,22,5.35,1627741.0,0
11605.0,8,37.75,3108831.0,0
319217.0,13,11.7,2666405.0,0
41020.0,14,8.8,1425265.0,0
55386.0,15,10.61,7640368.0,0
17341.0,23,12.13,2547361.0,0
47297.0,15,17.57,2827198.0,0
1017177.0,19,13.67,4742565.0,0
69285.0,15,6.86,1682880.0,0
13432.0,10,14.16,1566995.0,0
12802.0,9,5.8,1978595.0,0
240959.0,22,1.4,5101903.0,0
7861.0,15,2.4,1660053.0,0
342297.0,9,7.76,11830074.0,0
57469.0,12,5.22,3247951.0,0
93693.0,18,7.47,3510443.0,0
253254.0,14,18.78,3713882.0,0
68456.0,10,7.65,2024668.0,0
43459.0,17,3.25,2809918.0,0
34891.0,9,2.86,2054627.0,0
20559.0,12,9.06,2720642.0,1
192664.0,8,11.88,2517483.0,0
245593.0,11,7.27,6259494.0,0
321144.0,17,8.04,3199805.0,0
15183.0,17,1.87,2904851.0,0
79149.0,18,3.36,2626043.0,0
17608.0,8,5.39,1910282.0,0
13777.0,13,16.0,1726602.0,0
60699.0,9,8.6,2545471.0,0
117389.0,9,4.81,5645646.0,0
128102.0,12,6.78,3744847.0,0
67179.0,8,4.4,2040492.0,0
161476.0,7,6.7,1866504.0,0
86067.0,14,10.22,2419838.0,0
497834.0,12,7.99,5008851.0,0
201580.0,16,17.18,4946116.0,0
47558.0,12,5.05,2300526.0,0
103592.0,12,13.84,2041005.0,0
18063.0,15,29.37,3714142.0,0
12113.0,19,2.08,1874506.0,0
8195.0,16,6.15,2482393.0,0
54021.0,22,0.42,6819899.0,0
40352.0,17,5.46,2008504.0,0
145077.0,14,6.36,3027600.0,0
50485.0,12,5.7,2814741.0,0
120910.0,10,3.66,4666691.0,0
81880.0,10,7.74,3247454.0,0
102669.0,8,7.81,1314453.0,0
26128.0,14,2.96,1601859.0,0
136650.0,6,13.81,3844608.0,0
41164.0,12,1.89,2745422.0,0
35490.0,8,4.95,2174634.0,0
18985.0,8,3.23,1356227.0,0
285449.0,8,2.28,3264262.0,0
9324.0,18,4.07,2203867.0,0
117968.0,9,8.62,4132053.0,0
394670.0,19,9.6,3362992.0,0
36137.0,19,18.13,1726346.0,0
297977.0,10,8.73,1420584.0,0
42982.0,12,6.2,2081625.0,0
47223.0,14,10.35,3436977.0,0
18920.0,9,9.11,4118567.0,0
17256.0,14,6.55,984447.0,0
304332.0,19,4.44,5911503.0,0
844953.0,12,12.67,3242791.0,0
40446.0,20,4.75,2356360.0,0
10809.0,10,0.67,965633.0,0
50890.0,22,11.22,1599325.0,0
163850.0,17,12.83,5281998.0,0
62805.0,20,2.79,2905959.0,0
125571.0,6,2.46,2954123.0,0
86131.0,13,1.34,2328342.0,0
5000.0,14,7.34,2138818.0,0
211697.0,19,9.97,2337121.0,0
151692.0,18,5.73,4547099.0,0
109731.0,14,10.74,4470459.0,0
62887.0,19,3.4,3966663.0,0
30719.0,17,8.13,2466764.0,0
44376.0,8,1.36,3492666.0,0
402154.0,18,6.12,6570549.0,0
27162.0,8,7.16,4534801.0,0
352716.0,11,8.07,5917675.0,0
30863.0,15,12.72,1327539.0,0
7881.0,16,15.56,968212.0,0
186184.0,18,5.94,4395739.0,0
25373.0,17,4.46,2624354.0,0
60777.0,20,7.89,900000.0,0
474908.0,13,2.23,4303384.0,0
390687.0,16,7.51,5211105.0,0
65287.0,22,5.66,3401415.0,0
29516.0,11,5.45,3073725.0,0
15612.0,10,6.56,1231737.0,0
26929.0,10,5.63,5153883.0,0
288804.0,16,8.3,11378044.0,0
111798.0,9,3.97,11834269.0,0
45999.0,17,9.71,2918626.0,0
111287.0,12,3.43,3098863.0,0
37384.0,21,14.3,4393332.0,0
10472.0,12,4.11,1514654.0,0
129710.0,6,4.33,2119684.0,0
44188.0,9,8.74,4205751.0,0
140224.0,16,5.45,3338133.0,0
40121.0,9,13.79,2129906.0,0
39821.0,11,5.32,2716366.0,0
14536.0,9,4.09,1466032.0,0
87775.0,18,3.22,2304962.0,0
297730.0,14,2.4,5310585.0,0
35582.0,17,7.2,2021245.0,0
20861.0,21,4.37,1913984.0,0
102485.0,16,10.23,2258564.0,0
31194.0,18,4.36,1479753.0,0
55025.0,8,10.9,4132240.0,0
64821.0,13,14.75,1221774.0,0
42373.0,20,2.33,1702328.0,0
134911.0,11,9.05,3276018.0,0
23715.0,8,2.17,944028.0,0
381374.0,14,5.45,6600824.0,0
143962.0,20,12.86,5951632.0,0
90508.0,7,8.73,2932248.0,0
124372.0,17,8.33,5685208.0,0
404193.0,19,20.75,3382746.0,0
121957.0,18,4.13,4075730.0,0
108728.0,12,7.98,5435690.0,0
389545.0,22,6.81,9811965.0,0
19440.0,20,8.96,3317810.0,0
269337.0,8,3.11,10837900.0,0
255509.0,15,5.81,5421005.0,0
297605.0,11,11.06,7156922.0,0
144189.0,10,11.75,3013791.0,0
342047.0,10,0.38,3653173.0,0
100310.0,9,18.73,10237295.0,0
100071.0,16,12.28,2101412.0,0
359203.0,11,8.21,1515397.0,0
239776.0,13,16.04,10537560.0,0
12136.0,16,6.24,949226.0,0
178995.0,10,5.9,4990889.0,0
356623.0,5,6.59,1999382.0,0
8524.0,15,7.16,2613791.0,0
60745.0,12,7.67,1062294.0,0
16747.0,3,3.42,2578404.0,0
19398.0,9,2.33,1347877.0,0
62613.0,9,9.86,2757439.0,0
30626.0,18,7.35,3642074.0,0
48165.0,7,3.56,1273725.0,0
36174.0,13,10.07,4897056.0,0
43723.0,18,0.87,4727243.0,0
50324.0,17,1.81,900000.0,0
212280.0,12,8.34,2147163.0,0
106607.0,20,11.99,1836214.0,0
565888.0,17,8.75,15000000.0,0
79854.0,7,5.89,2850177.0,0
52467.0,20,7.12,1295024.0,0
84398.0,20,16.41,3129852.0,0
44055.0,18,11.65,1365846.0,0
103780.0,17,14.31,1853920.0,0
432549.0,8,1.04,5916726.0,1
20540.0,13,10.51,2824888.0,0
27538.0,8,2.47,3023401.0,1
18944.0,10,6.04,5267595.0,0
573085.0,15,4.31,8648859.0,0
87301.0,17,8.47,3436130.0,0
25739.0,11,10.15,1537698.0,0
48105.0,8,1.29,2751790.0,0
65878.0,22,2.92,3392503.0,0
132917.0,9,7.61,2622106.0,0
80674.0,6,14.75,4142541.0,0
250029.0,9,14.35,1884190.0,0
803803.0,8,2.05,8056032.0,0
172476.0,15,3.1,3788165.0,0
17245.0,19,7.82,1146712.0,0
76344.0,14,6.04,2876824.0,0
160610.0,19,4.12,4300831.0,0
162771.0,15,6.81,3642090.0,0
258360.0,7,7.76,6884920.0,0
55171.0,11,4.4,1597285.0,0
44559.0,22,13.92,1185705.0,0
320091.0,13,2.83,4627892.0,0
45102.0,8,3.99,2238795.0,0
37982.0,7,22.65,2312849.0,0
150578.0,15,3.63,4599561.0,0
27787.0,19,1.46,1640741.0,0
20749.0,15,2.15,1331939.0,0
32642.0,20,6.64,1487813.0,0
78781.0,12,5.89,4229403.0,0
82424.0,9,9.65,2596356.0,0
62514.0,12,6.73,1858443.0,0
25097.0,14,11.92,900000.0,0
128685.0,12,12.97,4155545.0,0
44484.0,20,10.94,1539829.0,0
115248.0,12,1.04,4072537.0,0
41264.0,10,7.54,2218618.0,0
53937.0,9,10.72,3316714.0,0
23188.0,18,2.17,1882548.0,0
61275.0,14,18.14,3402194.0,0
28611.0,14,1.64,900000.0,0
39658.0,11,4.59,1812913.0,0
77511.0,14,6.46,3785616.0,0
114302.0,10,2.54,6513461.0,1
69568.0,0,8.16,3674145.0,0
44301.0,18,6.68,1899476.0,0
33799.0,15,1.9,1965843.0,0
23229.0,12,3.24,2959896.0,1
13467.0,11,4.19,1427052.0,0
51126.0,13,4.79,5039172.0,0
505241.0,21,14.94,8753431.0,0
149972.0,9,2.42,2102424.0,0
15937.0,17,8.19,900000.0,0
11113.0,16,4.94,1803000.0,0
58146.0,16,9.56,2506003.0,0
20640.0,12,7.89,2043159.0,0
42823.0,7,4.78,5630370.0,0
24201.0,16,20.58,4963783.0,0
77197.0,16,8.32,1766178.0,0
98211.0,21,9.65,5509123.0,0
182880.0,18,4.07,7245543.0,0
118044.0,16,7.06,1096181.0,0
15358.0,12,12.07,2458387.0,0
44265.0,15,12.14,3015128.0,0
235954.0,13,1.79,6288349.0,0
48951.0,13,2.94,1169195.0,0
114102.0,12,12.53,2345058.0,0
14864.0,15,5.93,1898781.0,0
199716.0,12,17.93,1712936.0,1
7071.0,7,13.04,2505850.0,0
118638.0,13,2.85,4282877.0,0
127148.0,10,5.41,4007750.0,0
1687255.0,12,9.68,5938995.0,0
42495.0,12,4.03,2118606.0,0
181094.0,17,7.0,3047628.0,0
212075.0,22,4.97,3778427.0,0
147804.0,9,4.18,6375372.0,0
50811.0,10,4.36,1690786.0,0
45807.0,7,10.21,2836857.0,0
59776.0,18,10.11,1621579.0,0
72221.0,12,3.13,3495176.0,0
16849.0,7,6.86,1175661.0,0
63551.0,19,2.86,1441843.0,0
50106.0,13,3.58,2845997.0,0
6487.0,20,21.05,1502388.0,0
17510.0,9,4.58,3346345.0,0
21944.0,13,1.78,1750835.0,0
114751.0,9,4.7,900000.0,0
96906.0,14,1.83,1868643.0,0
53057.0,21,0.39,5112065.0,0
58949.0,16,14.0,3488789.0,0
227117.0,11,11.93,3827282.0,0
15070.0,14,1.05,900000.0,0
191494.0,8,4.45,2089852.0,0
378040.0,13,4.26,3895501.0,0
8934.0,14,6.62,2415677.0,0
152475.0,20,8.92,4403258.0,0
63359.0,17,5.84,3695622.0,0
65207.0,17,3.45,2054606.0,0
44205.0,13,5.19,4795933.0,0
337826.0,12,11.49,6480341.0,0
52414.0,11,8.63,4288997.0,0
167143.0,6,6.56,4027099.0,0
64854.0,10,11.51,1435410.0,0
106529.0,9,4.11,3056483.0,0
251363.0,13,0.96,3265768.0,0
27827.0,15,13.23,1618573.0,0
263633.0,18,9.2,2325145.0,0
16533.0,13,9.76,1944405.0,0
72404.0,21,2.78,5508758.0,0
166648.0,12,9.52,1592091.0,0
171775.0,16,10.61,3144741.0,0
27154.0,7,1.9,2729237.0,0
112650.0,9,4.31,3766722.0,0
103795.0,14,11.87,2721857.0,0
66775.0,9,19.69,1705132.0,0
19011.0,17,35.11,3206662.0,0
80120.0,12,0.94,8236182.0,0
86202.0,8,2.24,3626737.0,0
182942.0,17,5.05,4997353.0,0
24204.0,18,0.78,1150605.0,0
226550.0,7,4.3,7621274.0,0
101756.0,10,0.32,5461031.0,0
99640.0,16,5.17,2634093.0,0
33588.0,18,9.11,4142224.0,0
222630.0,8,10.37,7312070.0,0
107866.0,21,4.7,2707466.0,0
72359.0,20,9.51,1523893.0,0
112658.0,10,14.45,4421725.0,0
46391.0,16,9.04,2450865.0,0
33899.0,17,3.82,3721375.0,0
162423.0,9,19.11,2343511.0,0
54829.0,16,14.22,1195832.0,0
25865.0,20,1.1,2149601.0,0
170169.0,14,2.1,3757187.0,0
71125.0,16,16.22,1508385.0,0
51966.0,10,12.02,6932224.0,0
10489.0,16,12.67,906814.0,0
31362.0,2,5.45,1706748.0,0
198495.0,8,4.6,3239243.0,0
495712.0,9,7.78,3103316.0,0
370162.0,12,7.76,4350210.0,0
119637.0,15,11.99,3060430.0,0
141253.0,7,14.36,6868200.0,0
37571.0,13,3.2,2146754.0,0
48565.0,15,4.49,3900732.0,0
32369.0,13,6.7,1937423.0,0
68629.0,15,25.18,5323025.0,0
152981.0,18,8.21,2506736.0,0
191764.0,8,7.88,2369738.0,0
188968.0,19,12.04,2790064.0,0
267411.0,18,7.59,1692153.0,0
84128.0,9,22.81,2274514.0,0
169157.0,13,8.21,1156869.0,0
111449.0,14,2.11,2367300.0,0
110607.0,15,6.38,2692573.0,0
83132.0,12,2.93,4004046.0,0
74739.0,10,8.77,2217649.0,0
15120.0,21,11.88,1371343.0,0
68898.0,10,15.63,2734202.0,0
36425.0,10,27.4,2008826.0,0
58939.0,13,1.98,1684399.0,0
338638.0,15,13.3,7299386.0,0
102202.0,17,5.02,2453226.0,0
492461.0,16,6.74,13861295.0,0
47130.0,12,3.27,2293684.0,0
5000.0,9,1.55,1558272.0,0
181646.0,8,0.43,2442694.0,0
12198.0,14,5.22,1774813.0,0
204966.0,7,6.3,4251017.0,0
68511.0,19,7.84,2117939.0,0
97882.0,18,2.08,2854494.0,0
134699.0,20,15.86,4387108.0,0
125045.0,16,3.62,2664899.0,0
183964.0,13,0.29,3144744.0,0
221732.0,14,9.08,2036930.0,0
61975.0,9,15.29,4734381.0,0
359695.0,10,5.57,7157180.0,0
22941.0,11,4.21,2525063.0,0
146743.0,13,20.36,1655989.0,0
203573.0,18,6.4,3039737.0,0
34690.0,20,5.44,7420279.0,0
193631.0,17,14.74,2551978.0,0
272221.0,17,2.58,6394263.0,0
13615.0,19,7.23,1766496.0,0
29437.0,11,3.2,2597091.0,0
74201.0,13,0.9,5055705.0,0
781981.0,20,6.47,3328477.0,0
21135.0,19,5.93,2236531.0,0
19976.0,12,15.15,7505444.0,0
91569.0,18,6.2,2804580.0,0
10335.0,11,5.97,3064493.0,0
28927.0,12,5.07,2491751.0,0
35291.0,22,8.47,1794307.0,0
111697.0,20,10.17,3172262.0,1
88872.0,23,1.77,5805985.0,1
103209.0,15,1.03,2670291.0,0
25588.0,9,6.43,5673817.0,0
54414.0,12,5.91,1776863.0,0
303945.0,19,6.49,3204832.0,0
64138.0,9,5.58,4103328.0,0
844186.0,8,7.54,3789725.0,0
99552.0,16,12.21,2582921.0,0
9699.0,10,5.71,983743.0,0
47549.0,5,8.3,2626291.0,0
34559.0,8,19.39,4678187.0,0
174960.0,21,6.24,4047077.0,0
36881.0,11,3.08,2687530.0,0
61866.0,11,5.22,6039635.0,0
49130.0,14,13.01,1579319.0,0
301270.0,15,33.02,3593887.0,0
726469.0,23,6.75,7128503.0,0
44706.0,11,2.97,6813632.0,0
394805.0,14,6.7,8466973.0,0
93205.0,10,12.18,1441757.0,0
379285.0,22,5.38,2281534.0,0
305852.0,14,6.43,3111900.0,0
236154.0,10,10.37,4467063.0,0
31086.0,23,18.98,1478411.0,0
95378.0,16,6.25,3355316.0,0
43616.0,15,2.39,1801215.0,0
26375.0,14,1.03,2688956.0,0
22465.0,18,1.51,1172849.0,0
56039.0,21,3.5,4034149.0,0
22127.0,15,3.04,988371.0,0
85312.0,23,12.33,3533496.0,0
53923.0,21,17.6,1425629.0,0
84324.0,8,5.8,1825221.0,0
31734.0,17,6.7,3945329.0,0
140181.0,20,5.41,3360440.0,0
30607.0,8,4.34,1421328.0,0
18477.0,9,6.75,900000.0,0
55222.0,8,11.18,3144447.0,0
45444.0,13,4.95,3165866.0,0
13789.0,7,8.92,1226050.0,0
196059.0,9,0.16,7572659.0,0
44820.0,10,9.53,4571458.0,0
57474.0,17,1.73,1241043.0,0
47437.0,9,0.92,4607196.0,0
77539.0,20,1.99,1332655.0,0
77671.0,7,4.76,6687600.0,0
143434.0,15,4.38,7159089.0,0
42754.0,13,2.71,7500654.0,0
22410.0,8,0.86,1402753.0,0
113952.0,11,14.13,2323341.0,0
32965.0,16,8.42,1387139.0,0
42786.0,14,5.72,1646349.0,0
186602.0,10,5.97,8778849.0,0
18317.0,13,15.41,3042158.0,0
168495.0,8,7.89,2466289.0,0
39346.0,8,7.58,2544245.0,0
34078.0,11,0.49,1772951.0,0
81975.0,10,18.03,2079761.0,0
281713.0,11,3.16,3760451.0,0
852290.0,17,7.68,2379361.0,0
93894.0,3,9.99,2278897.0,0
227755.0,15,4.04,2538621.0,0
345729.0,7,2.83,2976947.0,0
131401.0,22,6.74,2560511.0,0
448701.0,7,26.56,2136455.0,0
54648.0,14,3.04,2217680.0,0
40053.0,17,7.63,3618545.0,0
45925.0,7,2.03,2327250.0,0
24419.0,11,8.9,2504276.0,0
65304.0,14,12.68,1935323.0,0
62944.0,18,8.74,2673136.0,0
26320.0,12,0.6,3759962.0,0
9199.0,9,4.06,1029679.0,0
24284.0,16,2.89,3125566.0,0
53688.0,5,1.26,3994722.0,1
120673.0,16,10.03,2848151.0,0
24851.0,8,10.83,1993148.0,0
48000.0,13,6.82,4765267.0,0
201877.0,12,6.28,4811376.0,0
46437.0,11,3.4,1706353.0,0
192755.0,14,9.34,3614968.0,0
7005.0,13,4.56,3186048.0,0
13404.0,19,2.18,904986.0,0
96121.0,15,12.13,3375955.0,0
24592.0,12,1.19,1292209.0,0
55374.0,7,3.33,2847633.0,0
20442.0,4,5.4,1235597.0,0
216278.0,7,3.0,3735558.0,0
936317.0,18,8.0,10329494.0,0
371872.0,10,3.7,1975591.0,0
17455.0,14,7.91,1659766.0,0
24138.0,13,18.35,1150171.0,0
296309.0,12,8.5,1582334.0,0
175055.0,14,15.19,4971577.0,0
225965.0,18,1.29,2868782.0,0
28200.0,15,6.42,1078261.0,0
258814.0,15,2.55,2444030.0,0
132145.0,21,10.0,2258002.0,0
401196.0,14,10.78,3901587.0,0
25484.0,10,11.45,2124078.0,0
119548.0,1,3.52,3479484.0,0
110571.0,10,4.74,2636904.0,0
24966.0,14,0.26,1095799.0,0
22256.0,19,7.84,1568976.0,0
195399.0,7,1.71,5760037.0,0
47583.0,8,5.61,3408218.0,1
17975.0,12,7.93,3102010.0,0
170338.0,10,4.09,2766379.0,0
10601.0,11,8.46,1132433.0,0
113138.0,12,9.52,2403871.0,0
295969.0,15,17.35,3545320.0,0
259875.0,9,8.56,4201380.0,0
43423.0,16,19.6,4993822.0,0
47197.0,14,1.52,3474986.0,0
123996.0,6,3.99,3899229.0,0
171677.0,19,18.18,2067284.0,0
29778.0,11,4.28,6168111.0,0
24386.0,17,4.46,1656010.0,0
55032.0,15,2.42,3404746.0,0
82313.0,10,7.84,2455454.0,0
57602.0,16,18.52,5688968.0,0
12684.0,7,7.44,2631258.0,0
201170.0,9,9.48,4267006.0,0
143691.0,20,1.72,1925962.0,0
305416.0,7,13.63,5499988.0,0
99705.0,16,3.48,4846987.0,0
2238295.0,18,12.76,6769996.0,0
138204.0,12,0.74,2442383.0,0
139093.0,6,1.45,4740617.0,0
239024.0,19,7.52,4259282.0,0
7277.0,16,11.22,5451918.0,1
44790.0,14,12.61,4336037.0,0
125989.0,8,14.68,3207631.0,0
69534.0,17,4.65,5513065.0,0
34115.0,17,8.26,900000.0,0
61652.0,9,8.06,2429769.0,0
100152.0,7,2.87,1812015.0,0
88584.0,17,6.43,5484759.0,0
133688.0,19,2.79,2627419.0,0
10541.0,13,9.12,4398819.0,0
155460.0,8,3.12,3163541.0,0
67034.0,15,24.02,5339562.0,0
95429.0,13,6.57,4609872.0,0
308811.0,13,6.3,2932492.0,0
36400.0,12,4.94,3877217.0,0
405764.0,6,4.64,2943497.0,0
104648.0,12,4.21,2292112.0,0
92621.0,10,4.32,3870374.0,0
222017.0,17,15.55,6929134.0,0
97465.0,20,14.17,4725907.0,0
98414.0,11,13.24,1900593.0,0
74175.0,16,8.0,4692765.0,0
19286.0,10,7.89,1883349.0,0
37499.0,8,11.0,900000.0,0
121852.0,6,6.97,1722881.0,0
49296.0,13,3.55,3185689.0,0
129658.0,19,6.43,1307083.0,0
120926.0,10,0.88,3222141.0,0
47126.0,17,10.15,5528402.0,0
281945.0,16,14.53,2778194.0,0
79917.0,15,7.48,3692788.0,0
74440.0,14,2.86,2480581.0,0
7191.0,9,7.87,900000.0,0
60815.0,19,9.94,3313567.0,0
72242.0,15,7.17,1912486.0,0
114908.0,23,8.5,3388611.0,1
24909.0,15,2.75,981643.0,0
84245.0,8,3.02,3186606.0,0
95981.0,15,8.56,3881629.0,0
166641.0,8,14.32,6224857.0,0
76294.0,12,8.67,3274996.0,0
43059.0,12,6.12,1401924.0,0
68670.0,8,1.36,2951523.0,0
13456.0,18,1.27,993243.0,0
33901.0,8,26.68,1020196.0,0
69354.0,17,11.31,3329960.0,0
47115.0,13,7.45,3961593.0,0
248706.0,16,5.1,3285034.0,0
84828.0,13,3.56,5631558.0,0
97962.0,8,7.13,4546616.0,0
78685.0,15,8.37,3997228.0,0
22425.0,14,5.23,1177505.0,0
63822.0,11,13.53,1976770.0,0
167126.0,9,1.84,3190963.0,0
25521.0,9,13.41,1308871.0,0
19496.0,7,5.6,1480546.0,0
15889.0,12,9.32,1248623.0,0
24547.0,19,16.01,1997171.0,0
40013.0,15,4.63,3187136.0,0
531655.0,6,2.47,5578414.0,0
89863.0,13,21.95,2960406.0,0
23152.0,23,5.1,2383338.0,0
87562.0,15,6.69,1628453.0,0
156342.0,10,24.06,5961747.0,0
242304.0,8,12.58,3327904.0,0
203786.0,15,24.13,4310575.0,1
50523.0,8,9.4,1630805.0,0
19369.0,8,5.62,1451637.0,0
279749.0,10,11.53,3320871.0,0
63661.0,10,5.83,3073332.0,0
84519.0,21,15.13,5666853.0,0
11276.0,15,4.17,2007951.0,0
44870.0,11,2.29,2526278.0,1
25989.0,20,14.22,2166257.0,0
153468.0,18,12.28,5121565.0,0
13481.0,22,3.1,1851332.0,0
184707.0,17,9.45,4429917.0,0
72650.0,7,0.43,2803062.0,0
46769.0,14,5.48,3919810.0,0
155610.0,12,5.27,6078978.0,0
35187.0,17,9.75,3821342.0,0
207563.0,2,15.71,8338572.0,0
47334.0,16,7.23,3496398.0,1
62498.0,19,6.7,1054489.0,0
42820.0,20,7.83,3537482.0,0
102691.0,11,6.03,2561701.0,0
11950.0,9,3.79,1781975.0,0
22539.0,18,7.25,2569901.0,0
5000.0,17,11.41,1764365.0,0
224432.0,13,5.19,3628276.0,0
52796.0,17,7.14,3346703.0,0
89363.0,16,4.01,4678516.0,0
59417.0,6,10.72,4044959.0,0
65279.0,19,5.43,4081364.0,0
25004.0,11,0.87,1334850.0,0
110999.0,4,6.62,2448403.0,0
19630.0,16,12.4,974475.0,0
217857.0,19,24.92,3965778.0,0
112000.0,16,9.23,2844166.0,0
142752.0,22,3.87,3309805.0,0
75727.0,17,0.57,2696461.0,0
39785.0,12,4.92,3359556.0,0
37986.0,13,5.64,923656.0,0
67116.0,6,3.62,3395191.0,0
112784.0,18,0.76,7442050.0,0
148030.0,12,22.82,3488209.0,0
93202.0,12,0.67,2210723.0,0
454268.0,15,7.45,5882400.0,0
49120.0,11,8.8,3392914.0,0
90945.0,14,20.83,3480088.0,0
174596.0,19,7.95,8437842.0,0
26460.0,10,2.42,3658564.0,0
118271.0,14,17.71,1981304.0,0
34417.0,9,5.9,1775771.0,0
259224.0,15,19.65,5223937.0,0
18292.0,20,3.64,1152473.0,0
230739.0,12,8.25,2135394.0,0
40009.0,4,5.55,1942295.0,0
159087.0,9,9.06,4868763.0,0
21454.0,14,12.48,2510622.0,0
152193.0,11,3.84,3108957.0,0
38682.0,14,1.98,1002713.0,0
28965.0,15,8.41,2123330.0,0
43837.0,8,3.8,2761111.0,0
106985.0,10,6.79,2735927.0,0
10152.0,14,5.94,2802532.0,0
75716.0,8,2.99,3881337.0,0
198453.0,16,1.07,3214343.0,0
78956.0,13,19.22,5843218.0,0
6020.0,15,1.05,2099124.0,1
98343.0,8,8.29,2621196.0,0
86357.0,20,4.71,2194501.0,0
183020.0,22,3.12,6619275.0,0
250959.0,15,1.51,5637577.0,0
24634.0,11,13.92,1343943.0,0
99618.0,16,13.3,1385180.0,0
535174.0,11,7.21,4617631.0,0
275774.0,15,14.78,4937177.0,0
59749.0,12,5.09,3764799.0,0
68066.0,15,3.06,1251066.0,0
23975.0,20,16.76,2046762.0,0
44076.0,10,9.42,1958048.0,0
77505.0,13,9.98,2425760.0,0
97481.0,11,6.03,2532104.0,0
76259.0,19,11.18,1142390.0,0
35325.0,21,4.28,1927636.0,0
62177.0,11,1.19,2076953.0,0
28950.0,16,5.48,900000.0,0
381119.0,9,5.33,7061238.0,0
60563.0,13,7.67,7045640.0,0
13529.0,15,4.98,1761192.0,0
121948.0,16,2.98,2084881.0,0
51575.0,20,9.84,2114368.0,0
39603.0,13,2.97,1837046.0,0
69691.0,12,5.9,3790891.0,0
73903.0,15,9.99,1538124.0,0
85253.0,12,2.82,4680290.0,0
258298.0,20,0.51,3954300.0,0
90726.0,18,3.43,2780128.0,0
111064.0,13,8.04,8223624.0,0
133168.0,14,10.65,4458387.0,0
111396.0,9,2.32,2287154.0,0
62139.0,15,3.9,2513005.0,0
88337.0,20,6.07,5318130.0,0
125084.0,17,10.59,1826942.0,0
109513.0,14,3.64,1568633.0,0
18920.0,21,3.36,4403582.0,0
35511.0,15,11.42,4214942.0,0
83787.0,18,4.42,1874383.0,0
500988.0,20,30.65,8090061.0,0
10430.0,9,4.17,2255636.0,0
45043.0,17,4.46,4994819.0,0
76962.0,14,5.45,3681172.0,0
27522.0,19,7.86,1814994.0,0
76336.0,19,9.57,2664245.0,0
36487.0,19,10.46,900000.0,0
48899.0,0,6.44,4895178.0,0
21952.0,8,11.16,2957054.0,0
91583.0,17,6.16,4828920.0,0
11560.0,7,1.76,1796857.0,0
133965.0,18,10.3,2567300.0,0
49415.0,2,8.86,1330574.0,0
57553.0,13,12.3,1894753.0,0
116456.0,18,3.69,4354481.0,0
123370.0,19,9.67,3797115.0,0
164274.0,12,11.08,5948475.0,0
37451.0,22,12.35,5096797.0,0
46906.0,14,3.86,3113843.0,0
56388.0,20,18.37,900000.0,0
642360.0,11,10.97,6309851.0,0
79807.0,12,9.28,3209653.0,0
715068.0,10,5.82,15000000.0,0
794248.0,16,13.28,8030700.0,0
132938.0,7,10.48,4076259.0,0
211191.0,12,1.1,3268753.0,0
52328.0,18,4.64,2436668.0,0
46710.0,10,10.51,1576892.0,0
9521.0,12,6.53,2030815.0,0
125052.0,12,3.34,2781171.0,0
18028.0,8,5.78,1584090.0,0
128899.0,9,13.01,2421372.0,0
151657.0,22,9.59,5162034.0,0
51911.0,11,12.98,1642839.0,0
250500.0,8,7.53,2526896.0,0
8758.0,8,0.85,2414139.0,0
125410.0,15,4.4,3067888.0,0
49960.0,12,4.6,1691853.0,0
140658.0,5,8.62,2231520.0,0
15956.0,15,6.85,900000.0,0
51847.0,15,17.53,2561880.0,0
75301.0,20,3.64,4105224.0,0
235256.0,11,6.89,4113551.0,0
267965.0,16,7.96,5205989.0,0
35941.0,6,13.31,1607362.0,0
90908.0,14,8.05,3318887.0,0
229459.0,18,1.71,3008323.0,0
342706.0,8,6.61,2466574.0,0
56962.0,22,7.66,3391368.0,0
41420.0,13,4.22,2955197.0,0
20984.0,8,0.47,1712601.0,0
345992.0,14,1.2,7007077.0,0
25474.0,9,7.09,6913290.0,0
11168.0,16,3.18,1455326.0,0
85660.0,9,2.04,3897919.0,0
69601.0,21,11.28,2003363.0,0
169437.0,17,7.7,4466738.0,0
185841.0,19,2.38,1865180.0,0
106603.0,14,6.11,1505632.0,0
77243.0,20,0.72,3756349.0,0
196016.0,8,6.52,2134937.0,0
33871.0,9,11.85,3272324.0,0
9436.0,10,5.63,2247789.0,0
17139.0,16,2.03,1564617.0,0
45305.0,9,12.1,900000.0,0
206700.0,12,4.86,4930654.0,0
97228.0,15,6.6,3409244.0,0
286607.0,7,12.97,900000.0,0
53490.0,11,4.58,1560776.0,0
31058.0,14,4.44,2470817.0,0
526785.0,16,16.59,5809721.0,0
105294.0,8,3.62,4166960.0,0
48010.0,16,1.42,4392406.0,0
58869.0,13,4.22,3513960.0,0
79195.0,17,7.92,2811202.0,0
102219.0,15,3.65,3030594.0,0
57689.0,16,10.03,3563252.0,0
44606.0,7,4.51,2032721.0,0
5204.0,15,7.37,910469.0,0
21270.0,9,18.39,3459155.0,0
129020.0,17,1.64,2537402.0,0
15115.0,7,18.47,1231109.0,0
118413.0,16,4.36,2469824.0,0
167073.0,22,4.57,5272742.0,0
24700.0,8,2.24,1714619.0,0
40514.0,2,1.54,2347442.0,0
12833.0,16,4.58,2175884.0,0
103508.0,8,13.63,1743275.0,0
57639.0,11,13.81,1908457.0,0
58039.0,10,10.71,2490805.0,0
45357.0,0,9.78,4549135.0,0
84401.0,18,14.13,2980866.0,0
278458.0,18,2.58,4482020.0,0
103177.0,15,11.21,2499560.0,0
194762.0,10,8.4,2941234.0,0
51438.0,19,8.53,1179725.0,0
97314.0,12,10.62,3541791.0,0
93375.0,12,5.02,4559140.0,0
18319.0,18,0.29,2921267.0,0
55086.0,10,15.1,4928659.0,0
223593.0,13,3.27,5351196.0,0
154512.0,21,8.37,3054819.0,0
56768.0,9,8.06,3629477.0,0
161910.0,0,7.31,8148273.0,0
63934.0,18,14.03,1850936.0,0
104807.0,7,4.22,3494007.0,0
140163.0,9,12.22,7663735.0,0
38080.0,10,6.7,2018237.0,0
325306.0,7,6.21,7931592.0,0
114818.0,14,17.25,3066068.0,0
46054.0,19,8.48,1996144.0,0
264160.0,9,7.31,3965166.0,0
12007.0,12,15.43,4446664.0,0
156562.0,23,2.66,2244493.0,0
21752.0,22,9.11,3255429.0,0
50506.0,7,2.48,2381576.0,0
34663.0,16,9.21,2136504.0,0
69078.0,19,8.16,3586371.0,0
45168.0,15,23.93,4939433.0,0
27554.0,20,9.93,1871618.0,0
32870.0,22,4.02,2661385.0,0
444590.0,19,4.52,8732092.0,0
27081.0,20,6.06,3981136.0,0
63396.0,17,17.65,1306129.0,0
61209.0,12,3.53,4403046.0,0
33327.0,7,5.72,1537064.0,0
69341.0,14,11.16,1268590.0,0
302670.0,13,2.23,2802750.0,0
93782.0,9,21.79,6128134.0,0
19631.0,17,14.71,4829863.0,0
356950.0,20,10.05,6297893.0,0
71332.0,13,1.43,4537554.0,0
163868.0,19,3.97,2413568.0,0
262110.0,15,9.39,3842613.0,0
406240.0,23,28.07,7583717.0,0
340144.0,14,10.59,8722691.0,0
20002.0,18,13.48,1228912.0,0
62810.0,11,5.01,3445423.0,0
68145.0,8,6.13,2022703.0,0
13227.0,12,1.34,4865123.0,0
233613.0,16,11.41,4227393.0,0
42728.0,12,14.8,2918976.0,0
91673.0,15,11.41,1981004.0,0
35483.0,13,1.04,3675184.0,0
35017.0,23,7.72,2782735.0,0
46108.0,8,5.03,3150874.0,0
54217.0,8,10.47,2682994.0,0
313196.0,7,1.96,3480261.0,0
36241.0,12,6.57,2935443.0,0
594244.0,16,13.79,4550248.0,0
164551.0,17,1.46,900000.0,0
34020.0,13,3.8,2545845.0,0
97522.0,9,7.84,2229528.0,0
42884.0,6,2.67,3468446.0,0
91138.0,11,1.36,4626865.0,0
28323.0,14,12.68,3269574.0,0
91877.0,9,18.99,3014906.0,0
78662.0,12,1.15,2221109.0,0
132684.0,12,8.45,4335910.0,0
316674.0,14,4.64,7919138.0,0
58749.0,15,2.56,3666114.0,0
26567.0,13,3.8,3293372.0,0
146822.0,10,4.54,3675007.0,0
17602.0,12,1.46,2159526.0,0
44391.0,14,2.79,1891367.0,0
114322.0,12,10.01,1839338.0,0
204234.0,16,7.27,3184797.0,0
189468.0,12,7.2,4297434.0,0
197867.0,9,9.68,3383087.0,0
14459.0,14,1.23,2423750.0,0
174319.0,12,5.53,4047358.0,0
70370.0,21,1.62,2401045.0,0
127839.0,6,5.68,3458105.0,0
31398.0,0,8.58,2137629.0,0
96858.0,14,8.95,3492157.0,0
19905.0,13,6.71,1730027.0,0
12921.0,11,5.39,1199557.0,0
26791.0,11,14.03,3808065.0,0
88170.0,7,1.25,6202898.0,0
21592.0,12,11.92,2244810.0,0
7093.0,12,5.55,900000.0,0
268190.0,16,10.32,5285716.0,0
120477.0,23,2.12,3101119.0,0
100689.0,7,0.99,10218973.0,0
214814.0,10,6.7,6365172.0,0
28131.0,6,17.88,2155289.0,0
64867.0,12,7.18,2813980.0,0
125549.0,23,16.26,3771806.0,0
59173.0,8,11.3,2062406.0,0
80311.0,19,3.08,6790064.0,0
219848.0,14,7.28,4127085.0,0
44264.0,8,2.49,1883475.0,0
96499.0,11,2.64,6122704.0,0
5904.0,8,7.04,1433385.0,0
48096.0,13,8.19,4004941.0,0
60191.0,11,14.06,1443744.0,0
178899.0,19,20.45,5004875.0,0
107737.0,14,9.0,1855354.0,0
18370.0,11,9.3,2146732.0,0
85157.0,8,7.76,3422942.0,0
186726.0,8,16.12,3489062.0,0
56480.0,12,2.72,3521883.0,0
97879.0,10,5.97,3076897.0,0
14164.0,17,4.38,1670872.0,0
39778.0,18,3.45,2535054.0,0
119461.0,10,4.36,2862407.0,0
141017.0,18,4.47,3404149.0,0
104915.0,6,3.07,2069995.0,0
804164.0,7,11.99,4308367.0,0
54311.0,11,17.05,2242932.0,0
42597.0,7,15.07,1991102.0,0
355831.0,17,19.57,1682895.0,0
75252.0,18,6.21,1660856.0,0
25410.0,22,14.08,1615040.0,0
71983.0,16,15.71,1971707.0,0
195624.0,8,11.52,6283024.0,0
116940.0,20,2.14,2857071.0,0
237069.0,16,8.64,7536136.0,0
30608.0,16,25.05,1061309.0,0
192649.0,10,3.5,4382653.0,0
212100.0,10,6.91,4089222.0,0
19355.0,14,7.42,1117021.0,0
36967.0,18,6.7,3102905.0,0
233896.0,13,2.84,3112807.0,0
34673.0,10,0.29,3500047.0,0
88768.0,11,6.9,1998824.0,0
76712.0,10,8.44,3600874.0,0
291839.0,19,23.54,4945029.0,0
70308.0,21,7.35,1612532.0,0
48026.0,13,4.41,2269937.0,0
84675.0,14,3.79,3921113.0,0
10751.0,9,7.93,1705757.0,0
550849.0,14,6.71,4537985.0,0
127160.0,14,1.01,2828207.0,0
51681.0,7,6.26,4647647.0,0
64170.0,20,16.48,900000.0,0
182585.0,7,9.56,4769424.0,0
178342.0,12,8.51,3690837.0,0
335851.0,6,12.55,4074531.0,0
485440.0,8,30.75,1914700.0,0
168518.0,13,6.09,7062650.0,0
34966.0,5,15.57,1859934.0,0
48860.0,21,23.14,4718812.0,0
419948.0,16,5.71,2697301.0,0
10836.0,5,1.03,991586.0,0
178827.0,17,3.02,4036564.0,0
36096.0,19,12.52,2898563.0,0
32227.0,8,20.44,1863473.0,0
136911.0,16,2.9,2585236.0,0
137989.0,14,9.21,12815037.0,0
133996.0,17,5.97,1944657.0,0
35550.0,11,2.07,4888970.0,0
221368.0,17,12.23,2580993.0,0
142684.0,10,4.66,3128087.0,0
512132.0,16,6.45,4759287.0,0
60484.0,15,16.61,4724881.0,0
57306.0,12,11.09,3536532.0,0
15217.0,11,12.04,1624082.0,0
91358.0,14,6.45,3282183.0,0
32963.0,23,10.82,3181726.0,0
52832.0,8,8.59,2020451.0,0
45977.0,10,2.29,1561550.0,0
29468.0,8,5.11,5501749.0,0
16659.0,13,1.79,1485764.0,0
50541.0,9,7.61,4097253.0,0
14487.0,9,4.18,1864171.0,0
37097.0,22,6.98,4054624.0,0
193997.0,7,9.72,958225.0,0
82928.0,15,2.47,4554936.0,0
25776.0,13,1.56,2367317.0,0
5000.0,21,7.23,1663124.0,0
107694.0,17,4.42,8367812.0,0
129953.0,9,16.8,2764557.0,0
44845.0,21,13.6,3163112.0,0
26403.0,11,13.35,3071211.0,0
183745.0,2,4.55,4282469.0,0
65112.0,15,4.34,2096790.0,0
46457.0,19,9.13,6808166.0,0
18381.0,23,5.63,1809697.0,0
149107.0,6,9.46,2085500.0,0
31876.0,20,14.54,3146453.0,0
910853.0,9,2.44,9085484.0,0
84716.0,17,7.41,2173340.0,0
47558.0,14,6.77,3509699.0,0
72017.0,13,13.49,2214679.0,1
37220.0,8,7.09,1864178.0,0
94023.0,11,9.94,3303162.0,0
391633.0,8,8.28,6387465.0,0
44308.0,22,5.09,1370587.0,0
59183.0,8,7.69,3221580.0,0
58614.0,12,13.52,3774895.0,0
377534.0,6,16.09,2501632.0,0
47680.0,14,1.8,2381279.0,0
11742.0,19,1.63,1826473.0,0
86738.0,16,5.19,2240093.0,0
43409.0,8,6.49,2047325.0,0
55353.0,10,2.02,4729584.0,0
33633.0,18,2.51,2021950.0,0
15803.0,19,12.59,3341963.0,0
180281.0,14,21.35,5630209.0,0
72040.0,2,8.36,1634355.0,0
10739.0,17,3.48,1707734.0,0
119257.0,5,25.01,2884065.0,0
157038.0,7,6.51,2084914.0,0
58558.0,16,9.63,4823202.0,0
126880.0,14,10.96,4343771.0,0
304422.0,9,15.96,3353302.0,0
188405.0,11,48.92,5442990.0,0
256737.0,16,10.2,2406565.0,0
38851.0,19,3.53,2996395.0,0
202463.0,14,5.52,5423850.0,0
971233.0,10,12.4,10704729.0,0
152860.0,13,7.22,2269243.0,0
39022.0,20,15.88,2387905.0,0
420279.0,22,12.26,6729061.0,0
48515.0,16,15.96,2965399.0,0
66147.0,18,1.11,1296107.0,0
59070.0,12,1.37,3634477.0,0
202683.0,12,6.48,2864776.0,0
46240.0,18,1.94,3123244.0,0
355967.0,10,15.47,4803833.0,0
51267.0,11,12.75,2184729.0,0
138695.0,13,5.83,2118808.0,0
25303.0,12,11.43,1938307.0,0
302540.0,19,9.29,5636983.0,0
111333.0,21,6.43,3422418.0,0
5000.0,16,0.46,900000.0,0
24724.0,22,5.34,4859757.0,0
154758.0,13,7.45,3633046.0,0
11087.0,16,11.75,900000.0,0
223518.0,18,9.73,7068893.0,0
165894.0,21,12.83,7978331.0,0
26748.0,18,6.14,3052008.0,0
772472.0,15,12.37,4108056.0,0
122432.0,21,3.88,2309101.0,0
79518.0,21,3.1,2197623.0,0
33381.0,13,8.61,5442332.0,0
219822.0,10,3.06,2253119.0,0
151007.0,15,24.65,2217319.0,0
160645.0,11,16.45,3696985.0,0
58385.0,9,13.54,1308766.0,0
149831.0,16,3.02,2229174.0,0
18673.0,12,16.79,4414091.0,0
53758.0,20,8.94,1053601.0,0
33008.0,22,11.19,2603504.0,1
31672.0,9,16.4,2223576.0,0
96828.0,11,2.31,1823573.0,0
34002.0,11,1.87,1406927.0,0
66275.0,11,4.31,1655010.0,0
22843.0,14,1.13,1888215.0,0
25510.0,22,3.76,1758612.0,0
90208.0,12,2.63,2398942.0,0
57663.0,9,4.07,2208964.0,0
23228.0,9,15.42,1567590.0,0
150367.0,16,15.74,3314571.0,0
25694.0,7,6.7,3196148.0,0
425295.0,18,7.14,1282027.0,0
200283.0,16,11.51,4873033.0,0
13593.0,9,10.08,2490737.0,0
186145.0,11,3.65,3801458.0,0
48971.0,10,24.77,1872748.0,0
8050.0,17,4.87,1553282.0,0
30816.0,14,5.15,2826132.0,0
41568.0,21,5.19,1611531.0,0
195932.0,15,8.18,4799495.0,0
433344.0,8,3.52,8924117.0,0
244732.0,9,3.21,4205279.0,0
123327.0,10,8.95,2802806.0,0
59588.0,14,4.84,2227706.0,0
56351.0,19,12.4,1766962.0,0
20055.0,15,10.64,2485586.0,0
44820.0,20,9.08,1770751.0,0
20326.0,9,4.51,1994855.0,0
39511.0,10,9.35,5718482.0,0
151905.0,14,8.45,2289269.0,0
139181.0,8,4.83,4219771.0,0
98827.0,15,6.47,4937497.0,0
55629.0,19,4.77,3031148.0,0
445025.0,18,6.48,3445847.0,0
284506.0,16,6.31,3075381.0,0
55481.0,16,2.11,1793454.0,0
357025.0,13,4.19,2461199.0,0
23657.0,6,5.1,4048922.0,0
20260.0,18,6.89,1361221.0,0
103999.0,12,4.92,2131719.0,0
20312.0,13,8.9,3510834.0,0
56856.0,12,5.96,3812951.0,0
37894.0,13,3.38,2870672.0,0
70527.0,15,3.72,2331350.0,0
146486.0,13,21.77,3519604.0,0
73191.0,12,8.23,3277318.0,0
87325.0,13,4.67,2883136.0,0
68697.0,12,13.4,2871862.0,0
90919.0,17,2.99,3378601.0,0
21244.0,18,11.14,2029096.0,0
54438.0,7,4.98,4865822.0,0
27377.0,15,8.75,5666326.0,0
92341.0,9,1.3,2494194.0,0
7902.0,8,12.66,900000.0,0
56077.0,10,7.24,1462478.0,0
88063.0,12,26.27,4153466.0,0
25950.0,5,7.53,1647094.0,0
39071.0,9,3.24,3627259.0,0
11979.0,7,10.52,1413392.0,0
119534.0,8,11.73,3822036.0,0
24673.0,11,7.65,2986999.0,0
14859.0,14,1.84,2837119.0,0
294749.0,19,3.99,2251942.0,0
183756.0,19,5.31,3486238.0,1
8831.0,22,12.06,1492014.0,0
114457.0,18,4.86,3327334.0,0
128360.0,5,2.75,2450319.0,0
138626.0,20,8.63,6840595.0,0
21924.0,12,8.29,923856.0,0
78485.0,19,14.05,3107053.0,0
22192.0,19,11.66,1909080.0,0
82446.0,2,23.24,3674734.0,0
78323.0,13,1.03,4678581.0,0
9645.0,19,2.0,1302410.0,0
32984.0,15,1.96,6028894.0,0
44681.0,13,4.85,2186460.0,0
83147.0,6,5.83,2442875.0,0
12262.0,16,1.84,1887853.0,0
21288.0,9,2.05,900000.0,0
240251.0,19,17.7,2105165.0,0
97695.0,12,5.06,1382281.0,0
5363.0,10,6.4,1113622.0,0
96259.0,21,11.29,5187857.0,0
236313.0,16,4.92,5072497.0,0
102848.0,8,21.19,3275388.0,0
41267.0,10,8.21,1636143.0,0
98226.0,10,23.18,5164205.0,0
30799.0,7,4.04,2925195.0,0
68717.0,11,1.01,2409878.0,0
55630.0,9,10.13,1762568.0,0
75417.0,17,2.36,2955902.0,0
35621.0,9,7.51,2445395.0,0
430696.0,22,3.2,2287019.0,0
143785.0,12,6.7,2290294.0,0
47915.0,11,14.67,3948831.0,0
161654.0,21,6.68,3752275.0,0
114715.0,18,0.59,5792620.0,0
123688.0,13,8.63,2359509.0,0
25272.0,11,4.49,1417948.0,0
54975.0,21,8.4,3029555.0,0
30933.0,12,5.61,1125279.0,0
28104.0,15,2.59,1675452.0,0
119793.0,9,22.18,4896666.0,0
69201.0,18,13.95,6730433.0,0
229895.0,11,22.23,3600802.0,0
31383.0,18,1.63,3044396.0,0
61482.0,9,8.46,2325679.0,0
115095.0,8,6.42,2953097.0,0
34569.0,9,1.62,2840019.0,0
164491.0,20,13.9,3296819.0,0
18672.0,14,10.1,1795848.0,0
190035.0,14,5.12,3097715.0,0
68730.0,9,0.82,1289807.0,0
73968.0,20,10.4,1156974.0,0
82035.0,18,6.51,5140617.0,0
165073.0,13,14.15,14362379.0,0
26798.0,16,12.69,3085391.0,0
58116.0,8,1.65,2856666.0,0
63010.0,18,21.54,5863115.0,0
501864.0,16,6.49,1338510.0,0
57006.0,8,8.74,1174528.0,0
98113.0,13,6.7,4141182.0,0
297642.0,21,5.13,6077922.0,0
118135.0,12,6.38,3852532.0,0
27010.0,19,9.2,2503268.0,0
167868.0,16,13.41,7404094.0,0
209627.0,17,6.18,2104536.0,0
74811.0,22,7.63,2595980.0,0
53183.0,18,15.18,2177786.0,0
13393.0,17,7.64,1447702.0,0
7388.0,14,10.22,2472246.0,0
101270.0,19,2.66,2605451.0,0
28995.0,0,16.04,2619603.0,0
48823.0,10,3.99,3815322.0,0
26297.0,10,2.11,2017851.0,0
246366.0,18,6.76,5607861.0,0
506439.0,1,12.32,2353425.0,0
65956.0,22,8.44,1561025.0,0
41339.0,9,3.41,1507873.0,0
43332.0,13,14.13,2217655.0,0
95652.0,7,1.04,2489190.0,0
150226.0,8,10.77,3486463.0,0
82047.0,10,17.54,2989597.0,0
127108.0,16,4.17,5113491.0,0
59693.0,5,4.38,2153913.0,0
203983.0,17,2.25,4026289.0,0
17901.0,12,11.11,2941494.0,0
113097.0,12,15.15,3967948.0,0
38750.0,12,9.11,1881365.0,0
167159.0,5,5.17,4517485.0,0
22709.0,13,8.99,1605671.0,0
246096.0,20,1.65,9374746.0,0
26139.0,15,7.73,1193752.0,0
81847.0,14,0.89,2164742.0,0
159622.0,14,2.77,2673544.0,0
237950.0,11,3.14,6413221.0,0
225718.0,8,8.2,7240354.0,0
8639.0,15,2.36,1620837.0,0
28449.0,8,9.48,5418619.0,0
18510.0,19,13.1,1276191.0,0
93191.0,19,3.09,7595959.0,0
7301.0,7,7.87,2147942.0,0
86363.0,8,10.55,3819561.0,0
24576.0,17,14.83,3184241.0,0
43012.0,18,8.33,1754214.0,0
15139.0,21,12.16,2907889.0,0
235157.0,17,2.03,3527021.0,0
33366.0,13,7.42,1477236.0,0
217754.0,11,12.1,3484865.0,0
865779.0,8,5.05,2592072.0,0
210620.0,10,17.42,1836580.0,0
124605.0,18,11.79,4991357.0,0
121601.0,21,8.8,1904370.0,1
34951.0,14,15.21,1139231.0,0
122735.0,11,2.09,4135550.0,0
16533.0,7,13.22,1644312.0,0
20949.0,17,19.92,2962943.0,0
8789.0,7,2.87,1653923.0,0
1051639.0,10,3.28,5724752.0,0
151620.0,10,5.09,3089236.0,0
66957.0,13,9.7,4138438.0,0
66971.0,7,20.33,2019555.0,0
106420.0,9,3.57,1651705.0,0
92709.0,20,8.88,2675160.0,0
267227.0,18,8.16,3925615.0,0
31847.0,9,13.47,3959624.0,0
132141.0,19,10.73,6572802.0,0
61496.0,6,6.17,3313887.0,0
206035.0,20,1.03,6715315.0,0
47815.0,16,12.78,1531052.0,0
40959.0,10,9.97,2316457.0,0
155729.0,9,5.1,1637481.0,0
165000.0,12,6.72,3066832.0,0
28984.0,11,12.98,1677234.0,0
37962.0,20,12.69,3712203.0,0
351656.0,13,12.47,2810372.0,0
323994.0,12,6.44,3223212.0,0
11273.0,16,1.36,3315295.0,0
37304.0,11,7.68,2380743.0,0
86744.0,13,14.82,5041649.0,0
102893.0,17,4.34,8915803.0,0
30329.0,11,8.32,3769837.0,1
53592.0,10,9.81,3116887.0,0
487991.0,16,3.21,3827503.0,0
33776.0,13,11.11,2045197.0,0
77136.0,11,9.3,1792396.0,0
11877.0,17,3.43,1981504.0,0
328083.0,8,1.12,3671199.0,0
24101.0,9,4.08,3376377.0,0
295576.0,11,4.97,6711036.0,0
40111.0,16,29.88,1316865.0,0
33001.0,8,6.54,3829539.0,0
599846.0,10,1.94,6121610.0,0
29550.0,14,1.88,1472494.0,1
79485.0,0,9.13,4572843.0,0
344480.0,15,10.63,3880183.0,0
64662.0,12,7.81,2866337.0,0
9260.0,16,6.88,1226944.0,0
68870.0,18,1.57,1914285.0,0
148712.0,18,10.12,4441102.0,0
175310.0,15,0.63,4893414.0,0
281025.0,11,11.22,2629797.0,0
71121.0,12,1.62,2501641.0,0
234818.0,21,4.65,5759648.0,0
94713.0,13,3.25,3141378.0,0
589873.0,17,4.4,3902441.0,0
81255.0,13,2.9,4267383.0,0
15959.0,15,11.57,1048136.0,0
605729.0,15,13.94,15000000.0,0
86528.0,12,8.36,3961342.0,0
829189.0,11,8.92,8219122.0,0
222853.0,16,4.29,1938046.0,0
69887.0,8,0.52,1188585.0,0
43370.0,19,4.8,3929926.0,0
9223.0,7,5.2,1183494.0,0
100084.0,14,7.29,1997416.0,0
71043.0,15,27.09,2753784.0,0
